,buurtnaam,industrie,sport,x,y,lon,lat,gem_gas_woning,gem_gas_woning_cor,gem_elektriciteit_woning,gem_gas_bedrijf,gem_elektriciteit_bedrijf,potent_pand_asbest,gebouwen_gebruik_gas,meer_reg_woning,meer_reg_industrie,hoge_gas_verbruik,hoge_asbest_buurt,hoge_dichtheid_buurt,industrie_buurt,industriegebied,env_effect
0, ,0.0,0.0,127272.95398507464,486387.34210281924,4.980126602072969,52.3646723666335,30.0,35.0,2978.0,0.0,5753.0,0,10,456,0,0,0,0,0,0,0
1,AMC,17.0,0.0,125675.148825,478351.402025,4.95736857,52.29236704349999,0.0,0.0,0.0,0.0,0.0,0,0,0,16,0,0,0,1,1,2
2,Aalsmeerwegbuurt Oost,8.0,0.0,118367.77275825826,484680.37678453454,4.849575192725225,52.348809865210214,892.0,1036.0,1963.0,229.0,4220.0,0,1332,1276,4,0,0,1,1,1,3
3,Aalsmeerwegbuurt West,2.0,2.0,118227.64035379539,484799.73318283824,4.847505579669967,52.34987319759736,832.0,966.0,1889.0,155.0,1655.0,0,1515,1471,0,0,0,1,0,0,1
4,Afrikahaven,84.0,1.0,111515.72801923077,491259.69372115383,4.748165822019231,52.40743912557692,0.0,0.0,0.0,9377.0,222510.0,0,32,0,83,1,0,0,1,1,3
5,Alexanderplein e.o.,3.0,0.0,123217.1242892562,486320.69765289256,4.920588770330578,52.363853878140496,914.0,1060.0,2082.0,273.0,14357.0,0,242,238,0,0,0,0,0,0,0
6,Alfa-driehoek,42.0,1.0,118326.12516932908,489969.9605271566,4.848386800383387,52.396345818594256,0.0,0.0,0.0,2205.0,771224.0,5,31,0,41,0,0,0,1,1,2
7,Amerikahaven,132.0,0.0,114452.59534634146,491361.9779804878,4.7913104314634145,52.40858251229268,0.0,0.0,0.0,2529.0,116919.0,3,111,0,125,0,0,0,1,1,2
8,Amstel III deel A/B Noord,7.0,2.0,124954.55003511303,479981.2671087061,4.946661238273209,52.306976525555555,0.0,0.0,0.0,1416.0,91323.0,0,59,1418,4,0,0,1,1,1,3
9,Amstel III deel A/B Zuid,8.0,0.0,125533.59681705639,479009.066411967,4.9552363534663,52.298270253046766,84.0,98.0,2227.0,1482.0,19515.0,4,398,1354,7,0,0,1,1,1,3
10,Amstel III deel C/D Noord,214.0,0.0,124316.08907438017,479928.6570041322,4.9373048537190085,52.30646846634297,0.0,0.0,0.0,9995.0,158246.0,0,426,0,212,1,0,0,1,1,3
11,Amstel III deel C/D Zuid,41.0,1.0,124840.28447560975,478700.7407195122,4.9451004698780485,52.29546161853658,0.0,0.0,0.0,9495.0,108208.0,4,68,0,40,1,0,0,1,1,3
12,Amstelglorie,0.0,0.0,122160.65261764705,483029.28414705885,4.9054001000000005,52.334210638823535,1291.0,1495.0,2446.0,1449.0,64984.0,3,34,0,0,1,0,0,0,0,1
13,Amstelkwartier Noord,2.0,0.0,123110.5124531579,483582.0676063158,4.919283155347368,52.33923464866316,47.0,53.0,1690.0,10708.0,45771.0,10,1032,1835,2,1,1,1,1,1,5
14,Amstelkwartier West,3.0,0.0,122747.00361507936,483059.49899206345,4.913999520277778,52.334516922380956,337.0,397.0,1548.0,54311.0,290482.0,10,755,711,3,1,1,0,1,1,4
15,Amstelkwartier Zuid,39.0,1.0,123152.6969044586,483061.0301146497,4.919951410191082,52.33455432439491,0.0,0.0,36.0,24731.0,157343.0,60,104,0,39,1,1,0,1,1,4
16,Amstelpark,1.0,1.0,121397.06537037037,482509.4192962963,4.894249321851851,52.32949228703704,0.0,0.0,0.0,3879.0,21982.0,1,22,0,0,0,0,0,0,0,0
17,Amstelveldbuurt,12.0,1.0,121747.83025787729,486287.7196807628,4.899021538582089,52.36347050728026,1184.0,1374.0,2363.0,1464.0,13083.0,39,1199,973,10,1,1,0,1,1,4
18,Amsterdamse Bos,23.0,36.0,118471.13014285713,482976.85241964285,4.851276901964285,52.33350661785715,832.0,964.0,1418.0,1400.0,5136.0,34,98,11,20,0,1,0,1,1,3
19,Amsterdamse Poort,4.0,4.0,125389.85042597403,480809.80932103895,4.952971060098701,52.31444664617663,324.0,376.0,1030.0,220.0,48238.0,0,845,1574,4,0,0,1,1,1,3
20,Andreasterrein,0.0,0.0,118110.65233644859,485583.60934579436,4.845702697682243,52.35691026400001,73.0,85.0,2799.0,0.0,9608.0,18,19,501,0,0,1,0,0,0,1
21,Anjeliersbuurt Noord,48.0,1.0,120709.43186679414,488049.58288400254,4.883597409184194,52.37924101806246,950.0,1104.0,1985.0,763.0,5029.0,77,1569,1345,33,0,1,1,1,1,4
22,Anjeliersbuurt Zuid,62.0,1.0,120611.48532536102,487815.9405514441,4.882182891719314,52.37713508505415,847.0,985.0,1771.0,388.0,3370.0,204,2196,1956,38,0,1,1,1,1,4
23,Architectenbuurt,0.0,0.0,124723.7036190945,486829.6184665354,4.942660908316929,52.36851282694882,734.0,852.0,1833.0,23.0,167.0,0,1003,990,0,0,0,0,0,0,0
24,BG-terrein e.o.,8.0,0.0,121534.1425321101,487008.0129119266,4.8958127682752295,52.36993103040367,954.0,1108.0,1880.0,4356.0,24764.0,0,515,367,4,0,0,0,1,1,2
25,Baanakkerspark Noord,1.0,0.0,125315.26688194444,490260.4121203704,4.9510433610185185,52.39937880550926,964.0,1120.0,2587.0,0.0,0.0,432,432,353,0,0,1,0,0,0,1
26,Baanakkerspark Zuid,0.0,0.0,125045.71220930232,489917.6511627907,4.947113501424418,52.39628364119186,1229.0,1426.0,2797.0,0.0,1085.0,344,344,259,0,1,1,0,0,0,2
27,Balboaplein e.o.,9.0,1.0,118680.98420668859,486960.70738048246,4.85392555723136,52.369324603185305,743.0,862.0,1669.0,659.0,5329.0,5,1823,1666,7,0,0,1,1,1,3
28,Banne Noordoost,0.0,0.0,123449.01019021739,491494.7425271739,4.923507005794837,52.41036791502038,997.0,1157.0,2381.0,0.0,6.0,1389,1470,1467,0,1,1,1,0,0,3
29,Banne Noordwest,1.0,2.0,123102.29058818343,491618.6067089947,4.918399748580247,52.41146106308642,884.0,1025.0,2060.0,10.0,22.0,1122,1130,1121,0,0,1,1,0,0,2
30,Banne Zuidoost,1.0,4.0,123020.48556209453,490985.04688183503,4.917257845111214,52.40576233447174,497.0,576.0,2094.0,0.0,6142.0,478,1413,2025,0,0,1,1,0,0,2
31,Banne Zuidwest,13.0,0.0,122669.8354355285,491020.3480354178,4.912101767753182,52.406059047376864,776.0,900.0,2211.0,0.0,833.0,1291,1415,1377,7,0,1,1,1,1,4
32,Banpleinbuurt,0.0,2.0,120098.95050738916,485150.48976600985,4.874932857586207,52.353147589532014,1692.0,1963.0,3387.0,915.0,5519.0,0,406,274,0,1,0,0,0,0,1
33,Beatrixpark,0.0,0.0,120728.0,484161.0,4.88426636,52.34429433,3140.0,3650.0,5460.0,0.0,36450.0,0,1,0,0,1,0,0,0,0,1
34,Bedrijvencentrum Osdorp,46.0,1.0,113971.89557714286,486072.23198857147,4.784893016971428,52.3610081024,273.0,320.0,712.0,4864.0,22691.0,67,164,41,42,0,1,0,1,1,3
35,Bedrijvencentrum Westerkwartier,57.0,1.0,119433.6090945946,488570.21143918915,4.86480567722973,52.38383887527027,249.0,290.0,740.0,3456.0,23007.0,28,124,2,56,0,1,0,1,1,3
36,Bedrijvengebied Cruquiusweg,84.0,0.0,125282.10791206313,486861.24321195035,4.950856882717023,52.368827532784664,234.0,270.0,983.0,2327.0,45864.0,8,522,634,83,0,0,0,1,1,2
37,Bedrijvengebied Veelaan,119.0,1.0,124346.57009625668,486775.1296203208,4.937128628395722,52.36800220256684,267.0,310.0,452.0,1915.0,11790.0,4,153,2,118,0,0,0,1,1,2
38,Bedrijvengebied Zeeburgerkade,52.0,0.0,124362.60925773195,486665.91849999997,4.937374074072165,52.36702150865979,0.0,0.0,546.0,1514.0,14371.0,21,72,44,52,0,1,0,1,1,3
39,Bedrijvenpark Lutkemeer,50.0,0.0,112872.38254651162,485669.6492209302,4.768803061744186,52.35730674534884,545.0,633.0,1334.0,4458.0,71775.0,11,70,18,49,0,1,0,1,1,3
40,Bedrijventerrein Hamerstraat,169.0,1.0,123406.62344147843,488657.4297535934,4.923151148829569,52.38486574755647,365.0,425.0,840.0,4666.0,25099.0,9,456,154,164,0,0,0,1,1,2
41,Bedrijventerrein Landlust,36.0,4.0,119031.5154,488512.74953863636,4.858906074818182,52.38329625347727,398.0,460.0,1929.0,402.0,55767.0,135,440,358,36,0,1,0,1,1,3
42,Bedrijventerrein Nieuwendammerdijk,47.0,0.0,124935.546825,488643.33508749993,4.945609027750001,52.384824959499994,1330.0,1550.0,2970.0,3070.0,35020.0,5,80,0,47,1,0,0,1,1,3
43,Bedrijventerrein Schinkel,138.0,4.0,118069.83457500002,483926.8318,4.84528541090625,52.34201759515626,13.0,15.0,24.0,8212.0,67778.0,96,247,1,136,1,1,0,1,1,4
44,Bedrijventerrein Sloterdijk I,124.0,1.0,118492.56203717472,489501.5685613383,4.850882907769517,52.39214736840149,0.0,0.0,0.0,15237.0,335482.0,115,226,0,122,1,1,0,1,1,4
45,Beethovenbuurt,3.0,2.0,120387.8732234375,484660.132090625,4.879223911453125,52.34875886903124,1619.0,1879.0,3418.0,393.0,6092.0,2,640,342,2,1,0,0,1,1,3
46,Begijnhofbuurt,2.0,1.0,121228.4310152207,487088.6822770167,4.891315942876712,52.37063731660579,679.0,788.0,1364.0,4759.0,44703.0,14,577,313,0,0,1,0,0,0,1
47,BelgiÃ«plein e.o.,0.0,1.0,115802.30516949153,484354.4333658192,4.811963074067797,52.34570350478813,727.0,845.0,2045.0,0.0,6532.0,0,685,636,0,0,0,0,0,0,0
48,Bellamybuurt Noord,32.0,2.0,119547.79491366907,486948.69475604966,4.866653858018313,52.369273283871806,832.0,966.0,1864.0,385.0,2811.0,0,1529,1389,23,0,0,1,1,1,3
49,Bellamybuurt Zuid,85.0,1.0,119467.96419017542,486644.3085266667,4.865513933266667,52.36653250477544,680.0,790.0,1637.0,585.0,8793.0,29,2844,2537,74,0,1,1,1,1,4
50,Bertelmanpleinbuurt,0.0,0.0,119024.29504732824,484732.40526870225,4.85920460140458,52.34932083728244,834.0,968.0,1516.0,51.0,371.0,0,647,618,0,0,0,0,0,0,0
51,Betondorp,25.0,0.0,124872.70800049555,483753.7267239842,4.945124122591675,52.340876806238846,875.0,1016.0,1742.0,40.0,387.0,40,2016,1934,21,0,1,1,1,1,4
52,Bijlmermuseum Noord,0.0,0.0,126818.49323822223,481500.0698595556,4.97386389136,52.32072538696889,269.0,312.0,2193.0,0.0,144.0,720,1083,1077,0,0,1,1,0,0,2
53,Bijlmermuseum Zuid,17.0,0.0,127002.04054770317,481190.36643038865,4.976581652621908,52.3179513080848,77.0,89.0,2298.0,207.0,2108.0,1413,1411,1385,17,0,1,1,1,1,4
54,Blauwe Zand,0.0,0.0,123752.9117432286,489555.521268689,4.928153771083424,52.39295698529794,1022.0,1187.0,2321.0,40.0,418.0,9,921,875,0,1,0,0,0,0,1
55,Bloemenbuurt Noord,6.0,2.0,122907.89227525855,490126.6926101829,4.915685394622116,52.39804151068417,977.0,1135.0,2085.0,0.0,364.0,10,1227,1185,0,0,1,1,0,0,2
56,Bloemenbuurt Zuid,8.0,1.0,122788.76493415637,489765.26386008225,4.913969763655692,52.39478626205076,904.0,1050.0,1846.0,176.0,2683.0,4,1370,1325,4,0,0,1,1,1,3
57,Bloemgrachtbuurt,56.0,0.0,120477.35478336981,487524.6586529541,4.880243080035011,52.37450884238074,963.0,1118.0,1979.0,426.0,3704.0,110,2285,1978,29,0,1,1,1,1,4
58,Borgerbuurt,12.0,0.0,119577.72082982173,486471.3199924365,4.867143565343057,52.3649848993463,777.0,903.0,1620.0,79.0,1887.0,166,1814,1602,6,0,1,1,1,1,4
59,Borneo,14.0,0.0,124869.7318349179,487166.02650388936,4.944774839127053,52.37154423547969,63.0,73.0,2675.0,0.0,707.0,0,138,1102,11,0,0,1,1,1,3
60,Bosleeuw,10.0,3.0,118346.01807655004,488266.26415760303,4.848864977367509,52.38103568249047,751.0,872.0,1880.0,192.0,9287.0,334,2574,2737,8,0,1,1,1,1,4
61,Bretten Oost,2.0,5.0,116604.3429090909,488883.309,4.8232154790909085,52.38646204909091,0.0,0.0,0.0,0.0,27675.0,4,0,0,2,0,0,0,1,1,2
62,Bretten West,0.0,0.0,113377.0,488964.0,4.77580198,52.38695209,0.0,0.0,0.0,0.0,0.0,0,0,0,0,0,0,0,0,0,0
63,Buiksloterbreek,0.0,0.0,122384.52906976744,490587.88372093026,4.9079512247093025,52.40215548988372,1076.0,1248.0,3094.0,0.0,0.0,0,172,118,0,1,0,0,0,0,1
64,Buiksloterdijk Oost,0.0,0.0,123409.53605454546,490024.0344545455,4.923065318545454,52.397148011090906,1831.0,2129.0,3317.0,0.0,801.0,17,55,54,0,1,1,0,0,0,2
65,Buiksloterdijk West,0.0,0.0,123098.44666666667,490392.1473,4.918459826333334,52.40043833033334,1742.0,2021.0,3471.0,0.0,0.0,10,60,60,0,1,1,0,0,0,2
66,Buiksloterham,136.0,1.0,121922.64195506419,489607.5742125535,4.901261027867332,52.39331752366619,0.0,0.0,985.0,7303.0,83983.0,35,947,1023,135,0,1,1,1,1,4
67,Buikslotermeer Noord,6.0,1.0,124734.10799870967,490673.47121935483,4.942467248929033,52.40305927127096,798.0,926.0,2136.0,0.0,82.0,1443,1549,1240,0,0,1,1,0,0,2
68,Buikslotermeerplein,0.0,1.0,124639.5977191393,490146.04562740657,4.94112628630804,52.398313965809734,660.0,766.0,1693.0,1209.0,20822.0,142,853,627,0,0,1,0,0,0,1
69,Buitenveldert Midden Zuid,4.0,1.0,120004.76459399924,482139.8585032282,4.873863411655906,52.32608404264717,886.0,1029.0,2688.0,13.0,938.0,2542,2593,2049,0,0,1,1,0,0,2
70,Buitenveldert Oost Midden,8.0,2.0,120749.89140638002,482711.6173994452,4.884735032875636,52.33126956378641,656.0,762.0,1873.0,0.0,605.0,1640,2139,1917,0,0,1,1,0,0,2
71,Buitenveldert West Midden,0.0,0.0,119201.3982287234,482768.55229432625,4.8620125332978725,52.331682549024826,1227.0,1425.0,2875.0,57.0,5124.0,233,557,415,0,1,1,0,0,0,2
72,Buitenveldert Zuidoost,2.0,1.0,120675.97975129151,482132.0736623616,4.883709796686347,52.32605638845387,871.0,1011.0,2375.0,71.0,844.0,2174,2677,2171,0,0,1,1,0,0,2
73,Buitenveldert Zuidwest,8.0,0.0,119228.193591817,482185.29546005157,4.8624676293653355,52.3264424051482,830.0,964.0,2141.0,1551.0,10497.0,2159,3059,2496,5,0,1,1,1,1,4
74,Burgemeester Tellegenbuurt Oost,11.0,0.0,121895.29272002362,484849.98966509156,4.9013278817070285,52.35055806413467,855.0,992.0,1708.0,344.0,2521.0,0,1689,1616,8,0,0,1,1,1,3
75,Burgemeester Tellegenbuurt West,2.0,0.0,121573.53198049511,484769.62003150786,4.896613563885972,52.34981627942985,895.0,1037.0,1679.0,0.0,0.0,0,1333,1288,0,0,0,1,0,0,1
76,Burgwallen Oost,41.0,0.0,121736.89010314208,487329.8444795082,4.898757833101093,52.37283574357924,901.0,1045.0,1816.0,2571.0,12513.0,25,1459,1027,32,0,1,1,1,1,4
77,Buurt 10,1.0,0.0,114404.81318094219,488257.9389957174,4.790984114421841,52.38068358817987,983.0,1142.0,2803.0,9.0,48.0,0,930,917,1,0,0,0,1,0,1
78,Buurt 2,6.0,0.0,116997.17750419625,488082.45994577144,4.829076111839897,52.37929203365397,700.0,812.0,1643.0,351.0,4690.0,34,1421,1377,4,0,1,1,1,1,4
79,Buurt 3,12.0,4.0,116997.1950849333,488424.3831350472,4.829037709642043,52.382364895395376,975.0,1132.0,1910.0,59.0,753.0,706,3030,2657,10,0,1,1,1,1,4
80,Buurt 4 Oost,5.0,1.0,116154.4507249857,488339.8842349914,4.816670245854774,52.38154661534591,931.0,1080.0,2252.0,353.0,4318.0,691,1696,1537,0,0,1,1,0,0,2
81,Buurt 5 Noord,3.0,2.0,116009.4926737864,487915.26749255665,4.814590607184466,52.37772022651132,839.0,973.0,1842.0,75.0,1588.0,171,1403,1369,0,0,1,1,0,0,2
82,Buurt 5 Zuid,19.0,1.0,115913.43200609756,487556.0205868902,4.813221723856707,52.37448477366362,819.0,951.0,1903.0,64.0,775.0,1172,1764,1747,17,0,1,1,1,1,4
83,Buurt 6,20.0,0.0,115185.6252604457,487713.17546657386,4.802515837082173,52.37584486999304,869.0,1008.0,1997.0,103.0,1112.0,1218,1410,1265,14,0,1,1,1,1,4
84,Buurt 7,10.0,1.0,114822.81430547818,487746.522647168,4.797184089442897,52.37611814265552,753.0,874.0,2619.0,10.0,860.0,526,814,939,10,0,1,0,1,1,3
85,Buurt 8,15.0,0.0,115197.33333170202,488027.81589722674,4.802650510587275,52.37867343908102,396.0,460.0,2229.0,128.0,7709.0,782,1167,1735,14,0,1,1,1,1,4
86,Buurt 9,3.0,0.0,115115.49077253218,488400.93238798284,4.801404305600858,52.38202073393133,854.0,991.0,2314.0,43.0,3539.0,1147,2255,2227,0,0,1,1,0,0,2
87,Buyskade e.o.,36.0,6.0,119847.27931991525,488059.7441424788,4.87093484901483,52.3792778301589,696.0,808.0,1707.0,96.0,1733.0,184,1716,1756,27,0,1,1,1,1,4
88,Calandlaan/Lelylaan,0.0,1.0,115381.59970238095,485409.76488095237,4.805665114136905,52.35515784235118,764.0,886.0,2000.0,0.0,0.0,1,663,655,0,0,0,0,0,0,0
89,Centrumeiland,0.0,0.0,129503.08832894736,484845.2461315789,5.012984921052632,52.350921092499995,0.0,0.0,0.0,0.0,22253.0,0,0,70,0,0,0,0,0,0,0
90,Circus/Kermisbuurt,0.0,0.0,120746.47744945568,492405.6687402799,4.883696860046657,52.4183924992224,743.0,863.0,2389.0,0.0,0.0,0,643,625,0,0,0,0,0,0,0
91,Coenhaven/Mercuriushaven,297.0,4.0,119968.49140847457,490094.207259322,4.872502638152542,52.39756964081356,0.0,0.0,349.0,5013.0,164037.0,77,354,0,295,0,1,0,1,1,3
92,Columbusplein e.o.,10.0,2.0,118768.98793898306,486589.1375612591,4.855257721046005,52.36599102312833,756.0,878.0,1633.0,177.0,4372.0,0,2065,1963,5,0,0,1,1,1,3
93,Concertgebouwbuurt,2.0,0.0,120224.12195158597,485635.3462721202,4.876719908447413,52.357513085475794,1293.0,1501.0,2859.0,592.0,5568.0,0,1179,991,0,1,0,0,0,0,1
94,Cornelis Douwesterrein,204.0,0.0,120569.79205536332,491518.5556193772,4.881190385155709,52.41040855384083,0.0,0.0,0.0,6922.0,71630.0,2,182,0,203,0,0,0,1,1,2
95,Cornelis Schuytbuurt,3.0,0.0,119882.88608216782,485396.31288636365,4.871735974219114,52.355343104102566,1431.0,1661.0,3036.0,722.0,6670.0,12,1706,1505,0,1,1,1,0,0,3
96,Cornelis Troostbuurt,29.0,1.0,121059.41365943877,484873.43113265303,4.889057801292517,52.35071774784864,764.0,887.0,1728.0,535.0,4524.0,0,2312,2183,17,0,0,1,1,1,3
97,Cremerbuurt Oost,18.0,1.0,119493.70463700069,486147.3239642607,4.865944287925719,52.362067655227754,791.0,917.0,1922.0,190.0,1615.0,0,1427,1363,10,0,0,1,1,1,3
98,Cremerbuurt West,41.0,1.0,119140.78302546551,485996.7354520811,4.860779427308324,52.36069132882257,805.0,934.0,1862.0,205.0,2225.0,0,3652,3418,25,0,0,1,1,1,3
99,Czaar Peterbuurt,95.0,2.0,123808.97536560433,486969.0691232712,4.929217562820204,52.36971492985568,630.0,731.0,1570.0,281.0,2333.0,13,1610,1372,87,0,1,1,1,1,4
100,D-buurt,2.0,0.0,125448.70846239272,481596.17419535585,4.953765256638062,52.321517232009086,7.0,9.0,1112.0,0.0,28374.0,419,412,1943,2,0,1,1,1,1,4
101,Da Costabuurt Noord,31.0,1.0,119931.44244639437,487013.6136372048,4.872280011608169,52.3698813538194,830.0,963.0,1941.0,540.0,6791.0,4,3129,2755,19,0,0,1,1,1,3
102,Da Costabuurt Zuid,22.0,0.0,120048.80288705739,486676.2609481074,4.874038280921856,52.36685695649573,635.0,738.0,1766.0,551.0,4298.0,8,1638,1483,13,0,0,1,1,1,3
103,Dapperbuurt Noord,51.0,0.0,123658.058915197,486348.39949043153,4.927059516532833,52.36412816938086,732.0,850.0,1727.0,508.0,3551.0,461,2631,2247,37,0,1,1,1,1,4
104,Dapperbuurt Zuid,37.0,2.0,123690.37648757498,486022.9879781491,4.927564259417309,52.361205430574124,745.0,865.0,1698.0,720.0,4283.0,15,2306,1962,27,0,1,1,1,1,4
105,De Aker Oost,0.0,0.0,114253.94101081567,484566.2663105003,4.78921571920685,52.34749465695809,904.0,1050.0,3231.0,30.0,1252.0,13,1853,2084,0,0,1,1,0,0,2
106,De Aker West,2.0,0.0,113450.41713691795,484923.5948348115,4.777379661884701,52.35064583962306,698.0,811.0,2940.0,0.0,634.0,4,1669,1703,0,0,0,1,0,0,1
107,De Bongerd,0.0,0.0,122040.66352859962,491271.61211735697,4.902831492130177,52.408279781005916,347.0,403.0,2947.0,0.0,452.0,1,466,986,0,0,0,0,0,0,0
108,De Eenhoorn,5.0,3.0,123209.5863449692,484723.8221409993,4.92062901357974,52.349501757926085,598.0,694.0,1322.0,1082.0,38915.0,780,1437,1372,3,0,1,1,1,1,4
109,De Heining,89.0,0.0,112704.07233628319,489944.5818141593,4.765794333893806,52.39571321867256,0.0,0.0,0.0,0.0,8125.0,3,0,0,89,0,0,0,1,1,2
110,De Kleine Wereld,10.0,2.0,124614.75049689827,490469.17320905713,4.940731959522332,52.40121663299008,933.0,1083.0,2057.0,11.0,500.0,1377,1603,1136,3,0,1,1,1,1,4
111,De Klenckebuurt,0.0,0.0,120584.94608571428,483006.0551619048,4.882285186785714,52.333905492595235,698.0,810.0,2023.0,339.0,28015.0,2,416,406,0,0,0,0,0,0,0
112,De Omval,14.0,0.0,122884.01607739308,484152.13535641547,4.915905447230143,52.34434487580448,3.0,4.0,2188.0,1662.0,5140.0,16,17,412,14,0,1,0,1,1,3
113,De Punt,36.0,2.0,114066.91491865215,485535.7879554118,4.786353101827774,52.35619403964261,608.0,707.0,2587.0,73.0,763.0,2420,2715,2597,34,0,1,1,1,1,4
114,De Wester Quartier,27.0,0.0,119137.88399890948,486728.11753653217,4.860658842802617,52.3672642876772,800.0,930.0,1946.0,87.0,1887.0,10,917,864,20,0,1,0,1,1,3
115,De Wetbuurt,3.0,0.0,123570.5583442623,484048.2463934426,4.925989794655737,52.34345086721312,1004.0,1166.0,2071.0,672.0,2077.0,5,913,838,0,1,0,0,0,0,1
116,De Wittenbuurt Noord,5.0,0.0,120433.61533559322,488542.14098757063,4.879496098418079,52.38365048620339,771.0,896.0,1865.0,103.0,1324.0,0,884,841,2,0,0,0,1,1,2
117,De Wittenbuurt Zuid,1.0,0.0,120244.31986339756,488356.5136567425,4.876735050595447,52.381970252066544,658.0,766.0,1603.0,107.0,817.0,0,571,552,0,0,0,0,0,0,0
118,Delflandpleinbuurt Oost,1.0,0.0,117976.47631321022,484726.46400355117,4.843827522542614,52.34919784286222,342.0,397.0,1616.0,0.0,24244.0,695,553,1341,0,0,1,1,0,0,2
119,Delflandpleinbuurt West,2.0,1.0,117588.04467543036,484706.4702425665,4.838129172438185,52.34899183764946,240.0,279.0,1744.0,2232.0,10998.0,1347,1492,3031,0,0,1,1,0,0,2
120,Den Texbuurt,3.0,0.0,121311.48772182598,485840.1236804565,4.892660525663338,52.359421213894436,1173.0,1362.0,2548.0,1645.0,12622.0,2,691,560,2,1,0,0,1,1,3
121,Diamantbuurt,26.0,0.0,122220.20893189558,484904.5463927355,4.9060911905278095,52.35106786051646,917.0,1065.0,1709.0,261.0,1718.0,3,1760,1621,17,0,0,1,1,1,3
122,Diepenbrockbuurt,1.0,1.0,120455.09694067798,484360.3889774012,4.880241238728813,52.34606917867232,1880.0,2182.0,3890.0,7.0,4233.0,16,337,204,0,1,1,0,0,0,2
123,Don Bosco,30.0,1.0,123640.47003290044,485114.9421645022,4.926916302484848,52.353041648632036,1035.0,1202.0,2276.0,1532.0,11521.0,222,1155,1052,27,1,1,1,1,1,5
124,Dorp Driemond,4.0,0.0,129716.74622320117,479805.03757121885,5.0164989459177685,52.30563212767988,1120.0,1301.0,2837.0,0.0,871.0,249,676,630,3,1,1,0,1,1,4
125,Dorp Sloten,47.0,2.0,114758.1459715536,483924.97602407006,4.796691746630197,52.34176840706784,1151.0,1336.0,2507.0,776.0,5919.0,28,443,254,43,1,1,0,1,1,4
126,Drieburg,0.0,4.0,124048.3316,483646.3408,4.933037605,52.339865877,0.0,0.0,0.0,8280.0,21240.0,0,8,0,0,1,0,0,0,0,1
127,Driehoekbuurt,66.0,1.0,120714.75920613208,488270.82958867925,4.883653048311321,52.38122976383019,818.0,949.0,1678.0,484.0,3113.0,86,2120,1901,46,0,1,1,1,1,4
128,Duivelseiland,9.0,0.0,120771.96157486911,485177.1484670157,4.884808117989529,52.35342952471205,804.0,934.0,1992.0,320.0,6381.0,0,955,883,2,0,0,0,1,1,2
129,Durgerdam,6.0,1.0,128179.01740776698,487945.08385436895,4.993304956601942,52.37871735621359,1745.0,2025.0,3538.0,0.0,4322.0,62,200,176,4,1,1,0,1,1,4
130,E-buurt,19.0,2.0,126068.39990359897,481911.6425976864,4.962827160347043,52.32438543268637,4.0,4.0,3134.0,2146.0,5142.0,107,287,721,19,0,1,0,1,1,3
131,Ecowijk,2.0,0.0,119693.56647763577,488572.4146565495,4.868623545990415,52.3838754663099,62.0,72.0,1997.0,12.0,410.0,0,626,603,0,0,0,0,0,0,0
132,Eendrachtspark,0.0,0.0,115649.74678488373,488566.91989534884,4.80923131877907,52.38355110215116,757.0,877.0,2199.0,74.0,2031.0,66,172,154,0,0,1,0,0,0,1
133,Elandsgrachtbuurt,155.0,4.0,120457.58221851118,487132.2515041041,4.879993038315878,52.37098093324936,878.0,1020.0,1860.0,822.0,5607.0,223,3521,2948,122,0,1,1,1,1,4
134,Elzenhagen Noord,0.0,0.0,123997.62969525396,491023.934582015,4.931613203680267,52.4061679174771,697.0,809.0,2697.0,0.0,5863.0,0,991,1194,0,0,0,1,0,0,1
135,Elzenhagen Zuid,0.0,3.0,123800.70486067019,490420.3861522634,4.9287755538506755,52.40073249688418,1.0,1.0,1620.0,0.0,14367.0,1,1,1649,0,0,0,1,0,0,1
136,Emanuel van Meterenbuurt,8.0,3.0,116663.2594399657,485997.2258979416,4.824410133301886,52.360528428473415,872.0,1012.0,2613.0,193.0,1818.0,1099,1164,903,7,0,1,0,1,1,3
137,Entrepot-Noordwest,0.0,0.0,124261.75673210832,486952.5146247582,4.935867179690522,52.3695916784913,464.0,539.0,1620.0,56.0,3059.0,0,600,991,0,0,0,0,0,0,0
138,Erasmusparkbuurt Oost,1.0,1.0,118875.42621792035,487842.2085353982,4.856685686692479,52.37725970192478,846.0,981.0,2092.0,105.0,976.0,2,904,884,0,0,0,0,0,0,0
139,Erasmusparkbuurt West,3.0,2.0,118519.40851353711,487890.43737991265,4.851452311196507,52.377669578912666,813.0,944.0,1743.0,364.0,4503.0,24,2279,2175,0,0,1,1,0,0,2
140,F-buurt,7.0,0.0,125541.3937630935,481167.53855408716,4.955162177474302,52.31766985804699,172.0,200.0,2325.0,99.0,9040.0,454,962,1950,6,0,1,1,1,1,4
141,Fannius Scholtenbuurt,35.0,0.0,120045.29544251715,488538.55904638965,4.8737930627591775,52.383593704033885,683.0,793.0,1586.0,107.0,961.0,47,2479,2332,23,0,1,1,1,1,4
142,Felix Meritisbuurt,41.0,3.0,120822.28607621009,487158.3549031926,4.885345393743563,52.3712383492585,1072.0,1245.0,2168.0,2379.0,10392.0,52,1883,1428,24,1,1,1,1,1,5
143,Filips van Almondekwartier,5.0,0.0,118967.30285429447,487033.6577898773,4.858121625122699,52.369999094570545,817.0,950.0,2020.0,230.0,1291.0,0,652,609,2,0,0,0,1,1,2
144,Flevopark,2.0,2.0,125413.0582,486040.1474,4.9528517175,52.36145512,0.0,0.0,0.0,0.0,5322.0,2,0,0,2,0,0,0,1,1,2
145,Frankendael,1.0,0.0,123847.67785000001,484903.53674999997,4.929977146000001,52.351153445499996,611.0,708.0,1318.0,0.0,39778.0,2,12,7,0,0,0,0,0,0,0
146,Frans Halsbuurt,46.0,3.0,121040.0840760234,485539.3503375864,4.888706887926634,52.356701385773526,761.0,883.0,1852.0,559.0,3735.0,0,1881,1721,33,0,0,1,1,1,3
147,Frederik Hendrikbuurt Noord,18.0,0.0,120140.3223230384,487978.60872579296,4.875246898981636,52.37856732354341,789.0,917.0,1740.0,18.0,461.0,0,2388,2317,6,0,0,1,1,1,3
148,Frederik Hendrikbuurt Zuidoost,11.0,1.0,119963.45500181241,487526.81922156777,4.872696566619846,52.37449571839601,701.0,814.0,1609.0,224.0,3456.0,2,2197,2061,2,0,0,1,1,1,3
149,Frederik Hendrikbuurt Zuidwest,5.0,0.0,119794.90988285025,487537.9889468599,4.870220459830918,52.374585324178746,667.0,775.0,1695.0,47.0,1958.0,0,730,798,4,0,0,0,1,1,2
150,Frederikspleinbuurt,8.0,0.0,121766.66320283688,485852.9796184397,4.89934100422695,52.35956448224114,970.0,1127.0,2229.0,2335.0,13032.0,19,695,555,6,0,1,0,1,1,3
151,G-buurt Noord,3.0,0.0,126506.90635330578,481847.4313553719,4.969264539049587,52.323831250495864,55.0,65.0,1825.0,97.0,19185.0,964,968,952,2,0,1,0,1,1,3
152,G-buurt Oost,1.0,1.0,127141.3773651715,482033.4242248021,4.978555435419525,52.32553531862797,952.0,1105.0,2368.0,0.0,365.0,1527,1531,1710,0,0,1,1,0,0,2
153,G-buurt West,2.0,2.0,126374.76085377943,481553.5430080545,4.9673512705700125,52.32118303243494,0.0,0.0,2805.0,69.0,5227.0,2,28,1430,0,0,0,1,0,0,1
154,Gaasperdam Noord,1.0,3.0,127050.41594319296,478997.0392115573,4.977472877952987,52.298241271557295,936.0,1086.0,1986.0,92.0,1858.0,0,998,953,0,0,0,0,0,0,0
155,Gaasperdam Zuid,1.0,1.0,127157.26636442516,478590.307675705,4.979072760444685,52.29459118521692,885.0,1028.0,1764.0,295.0,1965.0,0,895,837,0,0,0,0,0,0,0
156,Gaasperpark,0.0,1.0,128079.75966666668,480538.6484761905,4.992439342380952,52.31214775238095,490.0,570.0,1363.0,0.0,127289.0,1,7,0,0,0,0,0,0,0,0
157,Gaasperplas,0.0,1.0,129161.82327586207,479777.79672413797,5.008364894827586,52.305361453793104,1373.0,1596.0,2669.0,0.0,15347.0,8,25,20,0,1,0,0,0,0,1
158,Gein Noordoost,0.0,0.0,128208.92009493671,479088.99525316455,4.994448445640823,52.29912532417722,989.0,1147.0,3025.0,0.0,0.0,0,1264,1245,0,0,0,1,0,0,1
159,Gein Noordwest,2.0,2.0,127587.97965346534,479070.09028217825,4.985347213075495,52.298924854245044,902.0,1045.0,1956.0,226.0,4098.0,0,1616,1584,0,0,0,1,0,0,1
160,Gein Zuidoost,0.0,0.0,127916.35195393475,478425.0388458093,4.990212844888036,52.29314367083173,1009.0,1171.0,2458.0,0.0,0.0,0,1563,1527,0,1,0,1,0,0,2
161,Gein Zuidwest,2.0,0.0,127571.04993429697,478601.8659658344,4.985137118028909,52.29471584304862,964.0,1118.0,2089.0,0.0,381.0,0,755,747,0,0,0,0,0,0,0
162,Gelderlandpleinbuurt,12.0,1.0,120015.721222421,482828.68241264165,4.873952584156231,52.33227544075134,990.0,1149.0,2024.0,4.0,20057.0,2757,3224,2671,4,0,1,1,1,1,4
163,Gerard Doubuurt,25.0,0.0,121366.4777118984,485544.06183355616,4.89349739053476,52.35676379819518,727.0,843.0,1761.0,1405.0,10857.0,1,1485,1345,18,0,0,1,1,1,3
164,Geuzenhofbuurt,3.0,0.0,119411.83735675183,487322.29623175185,4.864618077381387,52.372622149516424,765.0,886.0,1554.0,8.0,746.0,0,1093,1065,1,0,0,1,1,0,2
165,Gibraltarbuurt,4.0,0.0,118637.2232902824,488535.1678197674,4.85311263486711,52.38347174623339,804.0,933.0,1700.0,254.0,3347.0,0,2408,2349,0,0,0,1,0,0,1
166,Gooise Kant,0.0,0.0,126446.82032894737,480618.6612828947,4.968487195953948,52.312784591776314,0.0,0.0,2890.0,0.0,2990.0,0,0,304,0,0,0,0,0,0,0
167,Gouden Bocht,0.0,0.0,121195.74965608465,486539.64364021167,4.890891265343916,52.36570092957672,1157.0,1342.0,2628.0,8306.0,77756.0,17,187,83,0,1,1,0,0,0,2
168,Groenmarktkadebuurt,4.0,0.0,120165.05040416666,487169.089525,4.875693919541666,52.371293538416666,823.0,951.0,1847.0,4752.0,32286.0,4,240,214,2,0,0,0,1,1,2
169,Grunder/Koningshoef,5.0,0.0,127259.6997366003,481574.08992496174,4.980328771362941,52.32141308222052,1014.0,1179.0,2818.0,62.0,341.0,0,651,639,5,1,0,0,1,1,3
170,Haarlemmerbuurt Oost,23.0,3.0,121259.23659083851,488167.2359076087,4.891659950473603,52.380332472360244,960.0,1115.0,1915.0,1414.0,11923.0,53,1288,1053,17,0,1,1,1,1,4
171,Haarlemmerbuurt West,47.0,0.0,120899.55152893456,488452.912213629,4.8863485010600325,52.3828776966252,847.0,982.0,1893.0,1060.0,7149.0,62,1833,1558,37,0,1,1,1,1,4
172,Hakfort/Huigenbos,15.0,0.0,125651.59863293312,479916.8132049743,4.956887208190395,52.30643491069468,1426.0,1654.0,1938.0,162.0,9553.0,843,1165,1131,11,1,1,1,1,1,5
173,Harmoniehofbuurt,1.0,0.0,120657.62578820961,484983.8598460699,4.883149690425765,52.35168523894105,1119.0,1299.0,1881.0,68.0,3894.0,2,916,883,0,1,0,0,0,0,1
174,Haveneiland Noord,3.0,2.0,128918.18122734629,485034.1167791262,5.0043857591666665,52.35259109682039,0.0,0.0,2217.0,0.0,17491.0,0,0,1086,3,0,0,1,1,1,3
175,Haveneiland Noordoost,21.0,0.0,128524.46666466347,485383.24494871794,4.9985795661778845,52.355710002383816,0.0,0.0,2740.0,0.0,7151.0,0,0,2325,19,0,0,1,1,1,3
176,Haveneiland Noordwest,20.0,4.0,128053.42115073765,485795.00156574725,4.991632495086594,52.359387754534964,0.0,0.0,2436.0,0.0,6773.0,0,0,1453,19,0,0,1,1,1,3
177,Haveneiland Oost,1.0,1.0,129163.28262521815,484653.7667024433,5.008012345362129,52.34918427170157,0.0,0.0,2916.0,0.0,8364.0,0,0,2198,0,0,0,1,0,0,1
178,Haveneiland Zuidwest/Rieteiland West,3.0,0.0,128196.92203088803,485262.16228861,4.993781343938224,52.354605892857144,0.0,0.0,3659.0,0.0,9400.0,0,0,964,2,0,0,0,1,1,2
179,Helmersbuurt Oost,11.0,2.0,120203.14178481013,486443.3377772152,4.876328349493671,52.3647734133038,975.0,1131.0,2270.0,395.0,4740.0,68,1580,1429,6,0,1,1,1,1,4
180,Hemelrijk,11.0,0.0,121453.4908338658,487889.6934169329,4.894540558099042,52.37785002816294,838.0,973.0,1688.0,3549.0,31234.0,23,618,397,8,0,1,0,1,1,3
181,Hemonybuurt,33.0,0.0,121953.89961719672,485528.76222084806,4.902121356902238,52.356661949870436,881.0,1022.0,2120.0,642.0,4147.0,7,1698,1539,17,0,0,1,1,1,3
182,Hercules Seghersbuurt,25.0,0.0,121040.1780889127,485216.4071023031,4.888740872378147,52.35379899784146,671.0,779.0,1719.0,716.0,7754.0,50,1867,1690,16,0,1,1,1,1,4
183,Het Funen,12.0,0.0,123941.97013722398,486818.76285962143,4.9311841642902206,52.36837162059937,740.0,862.0,2554.0,2576.0,14647.0,3,634,555,12,0,0,0,1,1,2
184,Hiltonbuurt,0.0,1.0,119938.41335999999,484930.90876,4.872599504,52.3511638808,1031.0,1199.0,2092.0,3701.0,23526.0,5,30,11,0,1,0,0,0,0,1
185,Hoge Dijk,1.0,0.0,125578.67023333332,477508.4328333333,4.956027321666666,52.28478552466667,501.0,584.0,1384.0,14165.0,335104.0,0,17,0,0,1,0,0,0,0,1
186,Holendrecht Oost,1.0,2.0,126488.68112727274,479421.9986754545,4.969202257609091,52.30203177269091,1145.0,1330.0,2641.0,18.0,42.0,0,1096,1052,0,1,0,1,0,0,2
187,Holendrecht West,0.0,2.0,125970.72875879043,479308.0564859353,4.961618665527427,52.30098065219409,959.0,1114.0,2190.0,132.0,1031.0,1416,1422,1363,0,0,1,1,0,0,2
188,Holysloot,10.0,1.0,130185.10309032258,491399.2403612903,5.022511481096775,52.40985498883871,1638.0,1898.0,3743.0,229.0,6862.0,18,148,134,7,1,1,0,1,1,4
189,Hondecoeterbuurt,11.0,4.0,120412.76173604061,485213.04373434855,4.87953231607445,52.353729631590525,1239.0,1437.0,2584.0,519.0,5774.0,0,1182,1075,7,1,0,1,1,1,4
190,Hoofdcentrum Zuidoost,0.0,1.0,124528.20757617729,480612.23324376735,4.940353266149585,52.312623899722986,0.0,0.0,0.0,0.0,128481.0,0,0,0,0,0,0,0,0,0,0
191,Hoptille,1.0,1.0,125392.26931174089,480218.4078931174,4.95305844123077,52.30913160016194,575.0,669.0,1555.0,14.0,52.0,0,908,1222,0,0,0,1,0,0,1
192,Houthavens Oost,4.0,0.0,121201.270543379,489394.1279109589,4.890685189748859,52.391355315867585,1.0,1.0,2404.0,0.0,6626.0,0,2,353,3,0,0,0,1,1,2
193,Houthavens West,0.0,4.0,120472.24725834477,489679.2519314129,4.879946549789667,52.39387236489711,0.0,0.0,2347.0,1313.0,20764.0,0,401,2131,0,0,0,1,0,0,1
194,Huntum,0.0,1.0,126022.5271188811,480070.7598741259,4.962312510769231,52.307838173776226,1547.0,1798.0,3104.0,0.0,22310.0,1,143,82,0,1,0,0,0,0,1
195,IJplein e.o.,2.0,2.0,122850.37332269021,488411.73196874995,4.915004543654891,52.38262527642663,669.0,776.0,1709.0,136.0,1208.0,0,1449,1408,1,0,0,1,1,0,2
196,IJsbaanpad e.o.,0.0,4.0,118761.80762162163,483696.8127027027,4.855463827027027,52.33999640391892,49.0,57.0,114.0,17315.0,56509.0,17,34,0,0,1,1,0,0,0,2
197,IJselbuurt Oost,0.0,5.0,122312.07239774859,484565.4965309568,4.90747237343965,52.34802617236397,906.0,1052.0,1983.0,58.0,2091.0,0,1596,1529,0,0,0,1,0,0,1
198,IJselbuurt West,13.0,1.0,121858.07060384615,484520.5927519231,4.900814041141025,52.347595399051286,848.0,984.0,1829.0,122.0,1315.0,0,1560,1479,8,0,0,1,1,1,3
199,Jacob Geelbuurt,4.0,6.0,117060.94695448877,486047.533771197,4.830242335031173,52.36100816998753,599.0,695.0,2157.0,933.0,3580.0,1516,1465,1426,0,0,1,1,0,0,2
200,Jacques Veltmanbuurt,1.0,2.0,117097.83499603698,485346.83991765743,4.8308627815015415,52.354713406036986,719.0,835.0,1655.0,100.0,655.0,1232,1666,2113,0,0,1,1,0,0,2
201,Jan Maijenbuurt,2.0,0.0,118508.29386811593,487234.77731449273,4.8513602552246375,52.37177629349276,726.0,843.0,1643.0,109.0,1794.0,0,1380,1305,1,0,0,1,1,0,2
202,Java-eiland,14.0,1.0,123873.9622014563,487928.08399817965,4.930082827851942,52.37833754165655,55.0,65.0,2224.0,0.0,2138.0,0,1488,1566,8,0,0,1,1,1,3
203,Johan Jongkindbuurt,1.0,0.0,117599.58271604938,485805.9234567901,4.838176269679012,52.35887369533334,823.0,957.0,1719.0,0.0,23104.0,393,393,367,0,0,1,0,0,0,1
204,Johannnes Vermeerbuurt,5.0,1.0,120693.86481721573,485408.3659968119,4.883638305674815,52.35550267228481,1258.0,1460.0,2763.0,1461.0,14127.0,11,929,766,2,1,1,0,1,1,4
205,John Franklinbuurt,13.0,1.0,118712.64563028765,487287.5320871405,4.8543551345346865,52.37226395655669,766.0,889.0,1663.0,229.0,2321.0,0,1182,1133,9,0,0,1,1,1,3
206,Julianapark,1.0,2.0,123230.56667884828,484404.73189479514,4.920967065293466,52.34663518776301,527.0,611.0,1459.0,22316.0,57062.0,0,719,862,0,1,0,0,0,0,1
207,K-buurt Midden,12.0,2.0,127188.76947747036,480960.2558426878,4.979339199754941,52.31589265096442,458.0,532.0,2008.0,632.0,34476.0,633,632,1160,11,0,1,1,1,1,4
208,K-buurt Zuidoost,3.0,0.0,127550.2125142232,480920.03279868705,4.984643037396061,52.31554933400437,0.0,0.0,2855.0,0.0,0.0,0,0,449,3,0,0,0,1,1,2
209,K-buurt Zuidwest,1.0,0.0,127179.77227722772,480707.3485148515,4.979228064237624,52.313619229465345,352.0,409.0,3184.0,0.0,0.0,0,157,503,0,0,0,0,0,0,0
210,KNSM-eiland,136.0,0.0,124752.67353372242,487774.2038398184,4.943001256478599,52.37700370758755,655.0,762.0,1851.0,139.0,1662.0,0,1461,1310,136,0,0,1,1,1,3
211,Kadijken,45.0,2.0,122956.81220662869,486854.3476193682,4.916716236235112,52.36863481027447,743.0,862.0,1939.0,932.0,4573.0,73,1917,1672,40,0,1,1,1,1,4
212,Kadoelen,23.0,3.0,122077.73039938713,492228.6746067416,4.903282167180797,52.41688330941778,1231.0,1429.0,2818.0,112.0,1563.0,353,955,825,21,1,1,0,1,1,4
213,Kalverdriehoek,3.0,0.0,121219.5624470339,486784.65000847453,4.891216263029661,52.36790434292373,688.0,799.0,1763.0,8135.0,54025.0,21,427,206,0,1,1,0,0,0,2
214,Kantershof,1.0,2.0,127755.87141350601,481263.7087761332,4.987631208288621,52.31864833316374,720.0,837.0,2385.0,58.0,556.0,982,709,1061,0,0,1,1,0,0,2
215,Kattenburg,0.0,1.0,123156.88160762607,487290.8042865929,4.919612514428044,52.37256904131612,1029.0,1196.0,2027.0,0.0,600.0,726,813,778,0,1,1,0,0,0,2
216,Kazernebuurt,1.0,0.0,123420.77308571429,486499.3812587302,4.923561744523809,52.36547151065079,837.0,975.0,1936.0,136.0,5593.0,46,627,575,0,0,1,0,0,0,1
217,Kelbergen,0.0,0.0,126790.10459183673,480497.0663265306,4.973531427066327,52.3117094769898,1127.0,1311.0,2663.0,0.0,0.0,391,392,381,0,1,1,0,0,0,2
218,Kolenkitbuurt Noord,40.0,4.0,117854.89046713852,488210.2027977755,4.84165827487361,52.38049884793226,477.0,555.0,2131.0,0.0,1286.0,64,1125,1827,38,0,1,1,1,1,4
219,Kolenkitbuurt Zuid,2.0,0.0,117753.5373485114,487841.0676567426,4.840210689518389,52.37717448114711,229.0,266.0,1927.0,49.0,1504.0,210,376,1067,0,0,1,1,0,0,2
220,Koningin Wilhelminaplein,4.0,0.0,117628.86919497541,485261.65421245224,4.8386666294374665,52.3539841940852,339.0,394.0,1944.0,0.0,4399.0,360,788,1647,4,0,1,1,1,1,4
221,Kop Zeedijk,20.0,0.0,121824.74036098021,487631.55415645614,4.900018014693686,52.375552611526864,791.0,918.0,1695.0,3402.0,17082.0,19,1035,743,10,0,1,0,1,1,3
222,Kop Zuidas,3.0,3.0,121416.39653823954,483458.6642539683,4.8944382095526695,52.3380246879365,611.0,710.0,2028.0,1.0,15451.0,1,681,647,3,0,0,0,1,1,2
223,Kortenaerkwartier,7.0,2.0,119184.53497132928,487028.72278801043,4.861311724682885,52.36996894441356,872.0,1013.0,2033.0,241.0,1877.0,11,1150,1081,2,0,1,1,1,1,4
224,Kortvoort,0.0,0.0,126512.40671477663,481027.4787429553,4.969414517319588,52.31646223828179,919.0,1067.0,1805.0,0.0,0.0,220,1392,1336,0,0,1,1,0,0,2
225,Kromme Mijdrechtbuurt,18.0,1.0,122380.663531781,484242.4068017621,4.908510310805538,52.34512652481435,848.0,985.0,1770.0,192.0,3734.0,6,1589,1492,16,0,0,1,1,1,3
226,L-buurt,2.0,0.0,127233.7791117717,480100.10315041617,4.980070086189061,52.30816432005351,1083.0,1257.0,2019.0,84.0,226.0,0,1676,1647,0,1,0,1,0,0,2
227,Laan van Spartaan,0.0,1.0,117643.90360966306,487502.09677622374,4.8386384073363,52.374120620845524,1.0,2.0,1998.0,0.0,11546.0,0,2,1536,0,0,0,1,0,0,1
228,Landelijk gebied Driemond,2.0,1.0,129481.7419375,480285.27931250003,5.013016810208334,52.30993726916666,1170.0,1356.0,3326.0,0.0,5785.0,1,45,45,2,1,0,0,1,1,3
229,Landlust Noord,2.0,0.0,118935.06380757342,488227.4422642967,4.857520144729521,52.38072580632148,709.0,824.0,1710.0,240.0,2269.0,0,1294,1229,2,0,0,1,1,1,3
230,Landlust Zuid,8.0,1.0,119104.39789851269,487823.21729133854,4.860050230485564,52.377104035100615,741.0,860.0,1742.0,115.0,1268.0,0,2286,2201,2,0,0,1,1,1,3
231,Langestraat e.o.,36.0,0.0,121153.92514473684,487934.6185692521,4.890136755844875,52.378235389127425,1179.0,1368.0,2379.0,1368.0,6177.0,49,1444,1230,30,1,1,1,1,1,5
232,Lastage,36.0,2.0,122029.53295119049,487412.78430357145,4.9030467815595244,52.37359879804762,978.0,1134.0,1857.0,584.0,3551.0,11,828,651,29,0,1,0,1,1,3
233,Legmeerpleinbuurt,6.0,1.0,118501.44864015905,485150.0455029821,4.851486019433399,52.35303981029821,936.0,1087.0,2092.0,82.0,4350.0,29,1006,954,2,0,1,0,1,1,3
234,Leidsebuurt Noordoost,12.0,1.0,120815.507777668,486280.0041916996,4.88533516423913,52.36334394027668,906.0,1052.0,1940.0,3528.0,22802.0,87,1012,736,4,0,1,0,1,1,3
235,Leidsebuurt Noordwest,4.0,1.0,120623.56536996337,486471.7496703297,4.882497730769231,52.3650552378022,884.0,1026.0,1971.0,5708.0,46356.0,29,273,205,0,0,1,0,0,0,1
236,Leidsebuurt Zuidoost,0.0,0.0,120744.61703184714,486159.7485509554,4.8843066867197455,52.36225874515924,869.0,1009.0,2146.0,2705.0,23360.0,3,311,225,0,0,0,0,0,0,0
237,Leidsebuurt Zuidwest,0.0,0.0,120486.08902797202,486420.15224475524,4.8804847080419576,52.3645828958042,1030.0,1199.0,2135.0,5987.0,18925.0,0,135,109,0,1,0,0,0,0,1
238,Leidsegracht Noord,11.0,1.0,120771.11863811189,486793.0882062937,4.884631288688811,52.36795240877622,1254.0,1457.0,2509.0,1873.0,13329.0,5,572,423,9,1,0,0,1,1,3
239,Leidsegracht Zuid,5.0,0.0,120868.3975133438,486649.65359340655,4.886074131208791,52.36666937207221,1128.0,1308.0,2314.0,3363.0,16803.0,27,637,472,2,1,1,0,1,1,4
240,Leliegracht e.o.,18.0,1.0,120956.74806768414,487659.1435441274,4.8872690040411415,52.37574743094891,1132.0,1314.0,2402.0,2191.0,13349.0,64,1485,1185,8,1,1,1,1,1,5
241,Linnaeusparkbuurt,13.0,1.0,124046.89430928571,485239.34941142856,4.932870020514286,52.35418278785001,1110.0,1289.0,2417.0,469.0,3673.0,9,1400,1292,6,1,0,1,1,1,4
242,Lizzy Ansinghbuurt,18.0,1.0,121336.79176409592,484948.8743564485,4.8931211924692155,52.35141284716786,808.0,938.0,1810.0,457.0,10084.0,6,1526,1414,6,0,0,1,1,1,3
243,Loenermark,4.0,0.0,123936.48970860927,490236.7851050142,4.930787638912014,52.39909013807001,570.0,661.0,1531.0,1.0,108481.0,793,886,972,0,0,1,0,0,0,1
244,Lootsbuurt,27.0,3.0,119165.87533285917,486301.6479864865,4.861115261450925,52.36343331524893,684.0,793.0,1545.0,322.0,2294.0,0,1374,1252,19,0,0,1,1,1,3
245,Louis Chrispijnbuurt,6.0,0.0,116618.35475582686,485394.6429389567,4.823819675710322,52.355109732014434,900.0,1044.0,1966.0,587.0,4211.0,1181,1655,1531,0,0,1,1,0,0,2
246,Lucas/Andreasziekenhuis e.o.,0.0,0.0,117564.84374137931,487275.32169310347,4.837502725689656,52.37207717424138,0.0,0.0,1536.0,0.0,55.0,5,0,282,0,0,0,0,0,0,0
247,Marathonbuurt Oost,0.0,1.0,119318.58077362637,484619.8161879121,4.863535445813187,52.34832814864835,804.0,933.0,1714.0,30.0,544.0,0,902,866,0,0,0,0,0,0,0
248,Marathonbuurt West,5.0,0.0,119149.90309172546,484450.134690186,4.861078080429762,52.34679218595895,786.0,912.0,1561.0,18.0,161.0,1,1557,1516,2,0,0,1,1,1,3
249,Marcanti,0.0,0.0,119605.92484531249,487548.55232031253,4.867444182265625,52.37466811548437,699.0,813.0,1867.0,35.0,190.0,0,640,631,0,0,0,0,0,0,0
250,Marine-Etablissement,0.0,1.0,122777.68227272727,487492.74581818184,4.914024932727273,52.37436183545455,75.0,88.0,124.0,0.0,54360.0,1,1,0,0,0,0,0,0,0,0
251,Marjoleinterrein,0.0,0.0,122701.06674324324,490505.047081081,4.912610280472973,52.4014297547973,551.0,638.0,2487.0,0.0,1586.0,0,134,134,0,0,0,0,0,0,0
252,Markengouw Midden,10.0,0.0,125743.30161166335,489826.6696282306,4.957370075606361,52.39550359223327,557.0,647.0,2407.0,0.0,980.0,612,977,1370,4,0,1,1,1,1,4
253,Markengouw Zuid,10.0,0.0,126038.13809336099,489351.08749896265,4.961742732219918,52.391245036815356,693.0,805.0,2236.0,0.0,698.0,768,817,813,5,0,1,0,1,1,3
254,Markthallen,14.0,1.0,119579.05338235294,487961.7228431372,4.867006023627451,52.37837964627452,35.0,41.0,89.0,3720.0,65606.0,21,102,0,13,0,1,0,1,1,3
255,Marnixbuurt Midden,8.0,0.0,120178.80325174824,487345.6518601399,4.875877571608392,52.37288122391609,911.0,1054.0,2213.0,794.0,2739.0,0,143,119,8,0,0,0,1,1,2
256,Marnixbuurt Noord,11.0,0.0,120502.96325482625,488235.2647084942,4.880546176766409,52.38089687024131,716.0,830.0,1799.0,0.0,338.0,4,1036,962,6,0,0,0,1,1,2
257,Marnixbuurt Zuid,1.0,1.0,120388.37296637168,486654.60892035405,4.8790259915221235,52.366683876761066,794.0,923.0,1744.0,72.0,2492.0,0,565,518,0,0,0,0,0,0,0
258,Medisch Centrum Slotervaart,1.0,0.0,116665.30829042905,484386.52019471943,4.824623724818482,52.34605277475247,1128.0,1308.0,1842.0,0.0,0.0,183,298,287,0,1,1,0,0,0,2
259,Meer en Oever,0.0,0.0,115455.5198407026,486387.16287401575,4.8066351173288915,52.363947252089645,591.0,686.0,2732.0,0.0,2491.0,576,1231,1541,0,0,1,1,0,0,2
260,Mercatorpark,0.0,2.0,118039.82347058824,487170.9797058824,4.844488548823529,52.37117159882354,98.0,113.0,208.0,3092.0,26079.0,4,2,0,0,0,0,0,0,0,0
261,Middelveldsche Akerpolder,0.0,0.0,113708.5167778481,485196.15755,4.781134156246836,52.35311488920253,963.0,1118.0,2585.0,0.0,149.0,3,1580,1572,0,0,0,1,0,0,1
262,Middeneiland Zuidwest,0.0,0.0,129795.968,485246.576,5.01725339,52.35454154,0.0,0.0,0.0,0.0,56390.0,0,0,0,0,0,0,0,0,0,0
263,Middenmeer Noord,4.0,0.0,124323.3963477564,485340.70595112175,4.936919232163461,52.35510922590545,1204.0,1398.0,2483.0,16.0,417.0,1,1248,1189,0,1,0,1,0,0,2
264,Middenmeer Zuid,7.0,2.0,124613.94158083093,484923.2240131633,4.941221591674209,52.35137328701769,1032.0,1198.0,2452.0,293.0,3893.0,851,2431,2313,0,1,1,1,0,0,3
265,Minervabuurt Midden,2.0,1.0,119938.4249753611,484549.7408147834,4.872639383542905,52.34773823372132,1614.0,1874.0,3200.0,50.0,1414.0,57,1177,973,0,1,1,0,0,0,2
266,Minervabuurt Noord,1.0,0.0,119934.3430484115,484759.8891770045,4.872557590559758,52.3496266171407,1635.0,1899.0,3359.0,124.0,2627.0,8,643,396,0,1,0,0,0,0,1
267,Minervabuurt Zuid,2.0,0.0,119869.17286074981,484320.32893802604,4.8716470289288445,52.345672016725324,1501.0,1743.0,3025.0,0.0,290.0,224,1299,1118,0,1,1,1,0,0,3
268,Molenwijk,5.0,1.0,121152.43177275838,492423.9409958932,4.889662085167694,52.41858190553046,1036.0,1203.0,2007.0,71.0,1366.0,1446,1444,1416,4,1,1,1,1,1,5
269,Museumplein,0.0,0.0,120629.41203333334,485779.407,4.882654363666666,52.358833298,1191.0,1380.0,1860.0,2394.0,247181.0,0,24,0,0,1,0,0,0,0,1
270,NDSM terrein,254.0,1.0,121212.49408491544,490809.2718156714,4.890707593700379,52.40407422546427,0.0,0.0,1145.0,4562.0,31769.0,0,2436,2455,252,0,0,1,1,1,3
271,Nelson Mandelapark,0.0,0.0,126136.181375,480536.7815,4.9639390625,52.312032495,0.0,0.0,0.0,0.0,51610.0,0,0,0,0,0,0,0,0,0,0
272,Nes e.o.,12.0,0.0,121415.08560356346,487117.4927639198,4.894053728908687,52.37090769233853,882.0,1021.0,1745.0,4927.0,30261.0,4,425,240,3,0,0,0,1,1,2
273,Nieuw Sloten Noordoost,0.0,0.0,116037.2241055676,484659.584087491,4.815375098539406,52.34846266395517,979.0,1138.0,2644.0,17.0,54.0,4,1382,1352,0,0,0,1,0,0,1
274,Nieuw Sloten Noordwest,6.0,0.0,115375.67042707493,484523.43674456084,4.80568246821112,52.347191774794524,923.0,1071.0,2737.0,19.0,245.0,0,1231,1179,6,0,0,1,1,1,3
275,Nieuw Sloten Zuidoost,1.0,1.0,116139.19139106754,484218.7349629629,4.816922466982571,52.34450786819172,894.0,1038.0,2477.0,106.0,57.0,0,888,869,0,0,0,0,0,0,0
276,Nieuw Sloten Zuidwest,7.0,0.0,115423.56451111112,484136.4594748538,4.806430810690058,52.3437173631462,1025.0,1192.0,3058.0,43.0,1249.0,3,854,837,6,1,0,0,1,1,3
277,Nieuwe Diep/Diemerpark,5.0,1.0,127011.31366666667,485487.5958333334,4.97635803375,52.35657174062499,1116.0,1294.0,2364.0,0.0,13416.0,3,28,0,4,1,0,0,1,1,3
278,Nieuwe Kerk e.o.,15.0,0.0,121390.74373733804,487574.0230270907,4.893650661189635,52.37500917060071,734.0,852.0,1689.0,4389.0,34080.0,4,807,488,10,0,0,0,1,1,2
279,Nieuwe Meer,87.0,2.0,115869.81564864866,482692.851981982,4.813147011081081,52.33077511873874,0.0,0.0,0.0,0.0,11784.0,11,0,0,87,0,1,0,1,1,3
280,Nieuwe Oosterbegraafplaats,1.0,0.0,124419.96707692307,484139.0730769231,4.938445944615385,52.34431507153847,1662.0,1930.0,2972.0,17972.0,32100.0,0,13,0,0,1,0,0,0,0,1
281,Nieuwendammerdijk Oost,6.0,0.0,124835.72523999999,489096.92832666665,4.9441020442,52.388896036666665,1462.0,1699.0,3050.0,98.0,2177.0,29,150,120,5,1,1,0,1,1,4
282,Nieuwendammerdijk West,1.0,0.0,124025.1413117506,489399.2141990408,4.9321674040047965,52.39156756755396,1485.0,1725.0,3086.0,119.0,516.0,66,413,363,0,1,1,0,0,0,2
283,Nieuwendammerdijk Zuid,0.0,0.0,124494.9155,488996.7465,4.939105,52.38797687,0.0,0.0,0.0,770.0,6940.0,0,2,0,0,0,0,0,0,0,0
284,Nieuwendijk Noord,17.0,0.0,121564.15224440298,487765.962,4.896177979440298,52.37674477087686,847.0,983.0,1802.0,4073.0,30266.0,10,525,324,14,0,1,0,1,1,3
285,Nieuwmarkt,24.0,1.0,121948.84192131147,487192.4334254099,4.901883594311475,52.37161358845082,866.0,1006.0,1781.0,513.0,5356.0,45,1209,1031,17,0,1,1,1,1,4
286,Nintemanterrein,0.0,0.0,123503.5,490066.2,4.92444188575,52.3975323665,1291.0,1501.0,3893.0,0.0,14282.0,0,40,33,0,1,0,0,0,0,1
287,Noorder IJplas,0.0,0.0,119448.33333333333,493731.6666666667,4.864475003333333,52.43022684666666,0.0,0.0,0.0,0.0,0.0,0,0,0,0,0,0,0,0,0,0
288,Noorderstrook Oost,0.0,3.0,126178.8989,489871.3762,4.963765648,52.395928425,0.0,0.0,0.0,0.0,27405.0,1,0,0,0,0,0,0,0,0,0
289,Noorderstrook West,1.0,1.0,124822.5,491442.5,4.943696989999999,52.40997568,0.0,0.0,0.0,0.0,0.0,0,0,0,0,0,0,0,0,0,0
290,Noordoever Sloterplas,0.0,2.0,116802.42092486894,487399.57536691905,4.826293551945254,52.373141270762964,550.0,638.0,2023.0,14.0,314.0,1107,1613,1566,0,0,1,1,0,0,2
291,Noordoostkwadrant Indische buurt,15.0,1.0,124746.91214890967,486373.584952648,4.943042712299065,52.36441556387227,732.0,849.0,1715.0,174.0,1177.0,72,3102,2947,10,0,1,1,1,1,4
292,Noordwestkwadrant Indische buurt Noord,10.0,2.0,124228.60881316189,486420.6738097579,4.935429134667171,52.36480997470878,738.0,856.0,1843.0,286.0,2551.0,0,2643,2443,0,0,0,1,0,0,1
293,Noordwestkwadrant Indische buurt Zuid,33.0,0.0,124233.19328549324,486174.68963442935,4.935518941373308,52.36259948630948,749.0,869.0,1658.0,291.0,2976.0,5,2568,2374,25,0,0,1,1,1,3
294,Olympisch Stadion e.o.,17.0,1.0,118741.05229083968,484331.7228503817,4.855090903312977,52.3457011619542,120.0,140.0,2249.0,277.0,14952.0,9,258,1198,15,0,0,1,1,1,3
295,Ookmeer,0.0,17.0,115029.56120689654,487003.58437931037,4.800308468620689,52.36945627344828,0.0,0.0,89.0,0.0,78503.0,6,0,0,0,0,0,0,0,0,0
296,Oostelijke Handelskade,43.0,0.0,123427.75482670455,487722.06819886365,4.9235493554450755,52.37646056464962,917.0,1065.0,3048.0,951.0,80716.0,0,909,752,43,0,0,0,1,1,2
297,Oostenburg,31.0,7.0,123612.34995399999,487101.09250449995,4.92631825315,52.370890250955,370.0,430.0,991.0,166.0,1544.0,6,1035,1774,29,0,0,1,1,1,3
298,Oosterdokseiland,6.0,4.0,122310.33878486998,487728.0511607565,4.907139506193853,52.376448984042554,525.0,612.0,1981.0,1088.0,88436.0,1,351,266,5,0,0,0,1,1,2
299,Oosterpark,2.0,0.0,122987.05276271186,486057.9631525424,4.91723613118644,52.361479226525425,582.0,679.0,1132.0,5630.0,25113.0,3,118,87,2,0,0,0,1,1,2
300,Oosterparkbuurt Noordwest,38.0,4.0,122673.84510412415,485775.1955859535,4.91266540314414,52.35891956002042,711.0,825.0,1680.0,1119.0,16312.0,36,2443,2239,32,0,1,1,1,1,4
301,Oosterparkbuurt Zuidoost,52.0,1.0,123303.93981146438,485652.6625163457,4.921926274639499,52.357855015064935,801.0,929.0,1877.0,466.0,1270.0,198,2199,2013,44,0,1,1,1,1,4
302,Oosterparkbuurt Zuidwest,24.0,3.0,122857.80203573279,485481.3397617815,4.91539382042465,52.356289366773694,734.0,852.0,1738.0,147.0,3177.0,62,1925,1761,18,0,1,1,1,1,4
303,Oostoever Sloterplas,0.0,0.0,117086.35346989051,486651.25039142335,4.830547251104014,52.366435668877735,952.0,1106.0,2597.0,0.0,319.0,0,1081,1066,0,0,0,1,0,0,1
304,Oostpoort,4.0,3.0,123911.57307912457,485621.2021978114,4.930848582727273,52.357606990858585,671.0,779.0,1903.0,3103.0,19019.0,44,1120,1044,0,0,1,1,0,0,2
305,Oostzanerdijk,12.0,1.0,121040.82473953487,492262.70603255817,4.888037632744187,52.41712573334884,975.0,1134.0,2256.0,466.0,3772.0,17,205,130,9,0,1,0,1,1,3
306,Orteliusbuurt Midden,8.0,0.0,118438.71389042278,486848.5711035376,4.850380587748059,52.368300736212255,742.0,862.0,1668.0,117.0,1301.0,0,1159,1110,7,0,0,1,1,1,3
307,Orteliusbuurt Noord,1.0,0.0,118321.0570440806,487173.86829596973,4.848617629949622,52.371216419030226,770.0,891.0,1704.0,610.0,684.0,0,794,781,1,0,0,0,1,0,1
308,Orteliusbuurt Zuid,5.0,0.0,118526.74381266968,486537.09508416284,4.851706858579186,52.36550727534842,795.0,924.0,1646.0,247.0,3298.0,0,1105,1075,2,0,0,1,1,1,3
309,Osdorp Midden Noord,2.0,1.0,114413.82849962321,486211.40138960065,4.791363661032404,52.362291664099466,653.0,757.0,1855.0,223.0,4710.0,517,1044,1273,0,0,1,1,0,0,2
310,Osdorp Midden Zuid,10.0,0.0,114570.69693021725,485805.00288479263,4.7937153471889395,52.358650850928235,756.0,879.0,2102.0,11.0,2681.0,940,1366,1412,5,0,1,1,1,1,4
311,Osdorp Zuidoost,42.0,1.0,115751.22243713384,485289.93861559266,4.8111044149752145,52.35410743406489,1047.0,1216.0,2286.0,115.0,726.0,1953,2174,1908,40,1,1,1,1,1,5
312,Osdorper Binnenpolder,12.0,14.0,113588.83183505153,488276.41947422683,4.778998146082475,52.3807886086598,239.0,278.0,454.0,0.0,25078.0,1,16,2,10,0,0,0,1,1,2
313,Osdorper Bovenpolder,87.0,3.0,113442.25140897755,487150.94535411475,4.776983654538654,52.370662506608475,1688.0,1955.0,3976.0,1072.0,7599.0,34,395,258,84,1,1,0,1,1,4
314,Osdorpplein e.o.,11.0,0.0,115284.4138648053,485713.357907421,4.804202790624541,52.357879282343866,457.0,530.0,2191.0,326.0,10974.0,792,1557,2261,9,0,1,1,1,1,4
315,Oude Kerk e.o.,106.0,0.0,121595.37167723669,487447.88954586635,4.896668064847112,52.373888059275195,732.0,850.0,1591.0,5048.0,31608.0,32,765,513,102,0,1,0,1,1,3
316,Overamstel,0.0,2.0,121847.043125,482009.0859375,4.90089957375,52.325022856875,2090.0,2420.0,3960.0,0.0,100990.0,0,16,0,0,1,0,0,0,0,1
317,Overbraker Binnenpolder,1.0,1.0,119301.532125,489353.0965625,4.862782564375,52.390866261875,0.0,0.0,0.0,8998.0,50372.0,2,3,0,0,1,0,0,0,0,1
318,Overhoeks,2.0,3.0,122072.91772558921,488819.24361826596,4.9035460171548815,52.386241649545454,5.0,5.0,2293.0,0.0,30842.0,0,1022,2183,1,0,0,1,1,0,2
319,Overtoomse Veld Noord,30.0,1.0,117617.56487905934,486699.3303646883,4.838340909458753,52.3669041791676,495.0,574.0,2263.0,59.0,972.0,1256,1812,2332,22,0,1,1,1,1,4
320,Overtoomse Veld Zuid,9.0,7.0,117630.86822577284,486197.7996213963,4.838591972212574,52.362397706307746,406.0,472.0,1729.0,963.0,18483.0,776,2249,2641,6,0,1,1,1,1,4
321,P.C. Hooftbuurt,1.0,0.0,120502.18009293194,485928.5425026178,4.880771392212043,52.3601656518979,1175.0,1363.0,2564.0,1643.0,20324.0,0,741,456,0,1,0,0,0,0,1
322,Papaverweg e.o.,221.0,5.0,122291.31455657238,490009.58229284524,4.906637900524126,52.3969525914975,116.0,133.0,2053.0,2327.0,17327.0,90,695,740,215,0,1,0,1,1,3
323,Paramariboplein e.o.,56.0,6.0,118781.05740328638,486102.3606544601,4.855487358347418,52.36161702839906,916.0,1063.0,1980.0,681.0,6678.0,45,2130,2003,51,0,1,1,1,1,4
324,Park Haagseweg,0.0,0.0,116709.91437272727,484135.40932727273,4.825306888431818,52.34379907763636,1010.0,1173.0,2892.0,0.0,0.0,0,440,440,0,1,0,0,0,0,1
325,Park de Meer,0.0,1.0,125190.89899580421,484113.57626433566,4.949761167342658,52.344128284937064,0.0,0.0,2829.0,0.0,589.0,0,0,699,0,0,0,0,0,0,0
326,Parooldriehoek,1.0,2.0,122772.21916030535,485237.05497709924,4.91416100091603,52.35408889389313,589.0,685.0,1079.0,81.0,0.0,10,131,120,0,0,1,0,0,0,1
327,Passeerdersgrachtbuurt,36.0,0.0,120536.41304423592,486716.35305898124,4.881193157935657,52.3672480963807,863.0,1001.0,1855.0,758.0,4386.0,0,742,647,33,0,0,0,1,1,2
328,Petroleumhaven,62.0,0.0,117936.5694387755,491723.64334693877,4.842469054183674,52.41207959153061,0.0,0.0,0.0,467.0,246386.0,20,21,0,57,0,1,0,1,1,3
329,Pieter van der Doesbuurt,3.0,1.0,118937.21325631431,487367.64550420956,4.857643988830683,52.37299874974743,858.0,996.0,1946.0,239.0,1761.0,0,1069,1020,0,0,0,1,0,0,1
330,Plan van Gool,5.0,1.0,124293.70623001402,489951.4071991585,4.936062135007012,52.39654544840813,335.0,388.0,1956.0,3.0,66.0,1421,1419,1403,2,0,1,1,1,1,4
331,Planciusbuurt Noord,13.0,0.0,120780.63888372092,488920.92279069766,4.884554368992248,52.38707643992248,700.0,814.0,1378.0,40.0,242.0,2,244,241,12,0,0,0,1,1,2
332,Planciusbuurt Zuid,2.0,0.0,120656.84413970588,488648.31271323527,4.882763882205882,52.38461869242647,672.0,782.0,1746.0,746.0,10318.0,0,136,123,2,0,0,0,1,1,2
333,Postjeskade e.o.,2.0,1.0,118500.53317472336,486036.3990681421,4.851376405742574,52.36100564815376,877.0,1019.0,1891.0,18.0,1183.0,1,1717,1684,0,0,0,1,0,0,1
334,Prinses Irenebuurt,2.0,0.0,119920.16269831224,484005.8192616034,4.872428097721519,52.34284864030591,1434.0,1664.0,3059.0,0.0,2175.0,706,897,639,0,1,1,0,0,0,2
335,RAI,0.0,5.0,121075.25446428571,483801.4303928572,4.889398312142857,52.34108429607143,703.0,816.0,1353.0,3880.0,7962.0,8,21,0,0,0,0,0,0,0,0
336,RI Oost terrein,0.0,3.0,126337.33395451041,487328.1807586739,4.966310490612953,52.37308016572089,0.0,0.0,1818.0,0.0,19656.0,0,0,2540,0,0,0,1,0,0,1
337,Ransdorp,5.0,0.0,128285.63602666666,489505.9851133334,4.994746333866666,52.39275111773333,1606.0,1862.0,3813.0,584.0,4218.0,19,150,130,4,1,1,0,1,1,4
338,Rapenburg,18.0,0.0,122477.94949475066,487152.19331496063,4.909656592401575,52.37128352237533,787.0,915.0,1970.0,3113.0,8598.0,42,756,662,11,0,1,0,1,1,3
339,Rechte H-buurt,0.0,0.0,125641.89262100458,480447.70792617963,4.9566986575570775,52.31120579702436,243.0,283.0,2256.0,0.0,0.0,1301,1314,1280,0,0,1,1,0,0,2
340,Reguliersbuurt,6.0,0.0,121337.58008097166,486638.2806882591,4.892963670465587,52.36659610793522,943.0,1094.0,1795.0,4202.0,33735.0,9,490,240,0,0,0,0,0,0,0
341,Reigersbos Midden,4.0,0.0,126579.35140909092,478454.40705145797,4.970613107512865,52.29334023067753,946.0,1098.0,2168.0,0.0,0.0,0,1166,1118,3,0,0,1,1,1,3
342,Reigersbos Noord,5.0,0.0,126340.57238126009,478833.3283516424,4.967080951141626,52.29673339422187,1183.0,1373.0,2238.0,0.0,0.0,1773,1857,1830,0,1,1,1,0,0,3
343,Reigersbos Zuid,1.0,0.0,126823.46832454547,478164.0400181818,4.9742155274272735,52.29074308233636,1011.0,1174.0,2516.0,0.0,0.0,0,1100,1072,0,1,0,1,0,0,2
344,Rembrandtpark Noord,0.0,0.0,117976.83673243242,486582.2620432432,4.843628537432433,52.36587641140541,722.0,838.0,1891.0,0.0,0.0,367,365,361,0,0,1,0,0,0,1
345,Rembrandtpark Zuid,2.0,0.0,117974.52384696016,486179.51360587,4.843638933815513,52.36225665515723,25.0,28.0,1883.0,0.0,0.0,476,458,452,0,0,1,0,0,0,1
346,Rembrandtpleinbuurt,5.0,0.0,121687.10416898609,486604.2314413519,4.898098676978131,52.366311420178924,1001.0,1165.0,1979.0,5631.0,20859.0,8,503,314,2,1,0,0,1,1,3
347,Riekerhaven,2.0,2.0,117541.89011818181,483988.5024527273,4.837531714454545,52.34253612676363,590.0,687.0,1405.0,465.0,3086.0,4,540,530,0,0,0,0,0,0,0
348,Riekerpolder,8.0,0.0,116597.59935714286,483792.58379999996,4.823697929857143,52.34071014878572,65.0,75.0,151.0,43872.0,306152.0,9,70,6,8,1,0,0,1,1,3
349,Rieteiland Oost,0.0,1.0,128747.04578723403,484335.18936170207,5.001928456489362,52.34630137989362,0.0,0.0,5190.0,0.0,3309.0,0,0,66,0,0,0,0,0,0,0
350,Rietlanden,43.0,0.0,124172.31189985895,487407.3255535966,4.934512057489422,52.373674168963326,311.0,362.0,2229.0,850.0,16870.0,4,650,1221,41,0,0,1,1,1,3
351,Rijnbuurt Midden,1.0,2.0,122088.13096037296,483847.63124941726,4.904256083216784,52.34156109989122,912.0,1058.0,1918.0,141.0,966.0,11,1282,1253,0,0,1,1,0,0,2
352,Rijnbuurt Oost,3.0,1.0,122450.40295668789,483945.63475796185,4.909562412898089,52.34246346626115,880.0,1021.0,1886.0,76.0,449.0,62,1569,1530,0,0,1,1,0,0,2
353,Rijnbuurt West,2.0,0.0,121787.02496869245,483889.3292034991,4.899833699401474,52.34191774472376,793.0,920.0,1539.0,9.0,32.0,42,1086,1073,2,0,1,1,1,1,4
354,Robert Scottbuurt Oost,8.0,0.0,118273.21843685301,487480.18474637676,4.847881735527951,52.37396615781574,830.0,964.0,1810.0,82.0,917.0,0,966,935,4,0,0,0,1,1,2
355,Robert Scottbuurt West,3.0,1.0,118065.1557871684,487671.84423133865,4.844805469019124,52.375674691252314,446.0,517.0,1732.0,659.0,19729.0,800,820,1565,2,0,1,1,1,1,4
356,Rode Kruisbuurt,0.0,1.0,123957.0885390071,489708.66321985814,4.9311390819148935,52.39434491808511,1077.0,1251.0,2617.0,1805.0,6380.0,115,141,78,0,1,1,0,0,0,2
357,Sarphatiparkbuurt,77.0,2.0,121479.13483611691,485384.3006103862,4.895166974939979,52.355334833945726,738.0,857.0,1765.0,886.0,9220.0,25,3832,3355,60,0,1,1,1,1,4
358,Sarphatistrook,29.0,5.0,122479.1142518195,486089.93475109176,4.909776484024745,52.36173669895924,914.0,1060.0,1986.0,123.0,16506.0,15,1331,1185,25,0,1,1,1,1,4
359,Scheepvaarthuisbuurt,12.0,0.0,122196.92227315916,487388.7580546318,4.90550709456057,52.37339289239905,1028.0,1193.0,2152.0,464.0,2774.0,7,389,299,8,1,0,0,1,1,3
360,Scheldebuurt Midden,11.0,1.0,121664.74945227963,484210.65200851066,4.898007645805471,52.34479817803648,1100.0,1277.0,2329.0,86.0,2389.0,1,1645,1576,10,1,0,1,1,1,4
361,Scheldebuurt Oost,6.0,3.0,122025.54918799369,484185.5159273302,4.903304680481832,52.34459403604265,1032.0,1198.0,2212.0,49.0,774.0,3,1266,1186,2,1,0,1,1,1,4
362,Scheldebuurt West,2.0,0.0,121379.75611402413,484148.50880357885,4.893831682850603,52.34422231565127,1057.0,1227.0,2246.0,376.0,3245.0,0,2403,2281,0,1,0,1,0,0,2
363,Schellingwoude Noord,1.0,0.0,126813.33333333333,488543.3333333333,4.973198116666667,52.38402583166667,858.0,997.0,1845.0,0.0,25803.0,0,5,2,0,0,0,0,0,0,0
364,Schellingwoude Oost,1.0,1.0,126069.90590862944,488590.11715228425,4.962274837055838,52.38440756111675,1552.0,1802.0,3388.0,0.0,346.0,26,195,154,0,1,1,0,0,0,2
365,Schellingwoude West,1.0,1.0,126005.97682857144,488478.64871428563,4.961345592285714,52.383402438285714,1055.0,1221.0,2437.0,0.0,2945.0,1,29,27,0,1,0,0,0,0,1
366,Schinkelbuurt Noord,28.0,4.0,118708.4944127182,485121.63813715713,4.854527934744389,52.352798219251866,793.0,919.0,1851.0,518.0,5887.0,46,1604,1489,15,0,1,1,1,1,4
367,Schinkelbuurt Zuid,54.0,1.0,118701.83016900094,484786.53082913166,4.854466262838469,52.349786067759105,804.0,933.0,1699.0,230.0,12295.0,1,1042,912,47,0,0,0,1,1,2
368,Schipluidenbuurt,0.0,0.0,117458.88262581245,485620.5594206128,4.836131604410399,52.35719818894151,0.0,0.0,1324.0,0.0,74799.0,38,0,1029,0,0,1,1,0,0,2
369,Science Park Noord,3.0,0.0,125024.57854816392,485456.0968206493,4.947200873970197,52.35618498050027,427.0,495.0,1722.0,44.0,2812.0,10,1302,1847,3,0,1,1,1,1,4
370,Science Park Zuid,7.0,1.0,125885.25246308724,485220.7942785235,4.959854618691275,52.35411651399328,10.0,12.0,1270.0,28111.0,3296.0,1,276,242,7,1,0,0,1,1,3
371,Sloterdijk II,64.0,1.0,117144.14842261904,489476.36874404765,4.831077589761905,52.391829458392856,0.0,0.0,0.0,7199.0,48961.0,93,103,0,62,0,1,0,1,1,3
372,Sloterdijk III Oost,45.0,0.0,115338.82806382979,489363.6275957447,4.804570676666667,52.39068878297872,0.0,0.0,0.0,721.0,27202.0,0,22,0,43,0,0,0,1,1,2
373,Sloterdijk III West,560.0,0.0,113953.5219088319,489449.07535327633,4.784210866638177,52.39135479834758,56.0,65.0,121.0,3667.0,28249.0,40,669,17,558,0,1,0,1,1,3
374,Slotermeer Zuid,20.0,2.0,116872.7991333003,487716.44497670967,4.827291004033697,52.375993945069375,795.0,923.0,1609.0,28.0,27359.0,304,2016,1860,16,0,1,1,1,1,4
375,Sloterpark,0.0,1.0,116264.86287804879,487278.1248292683,4.818414241951219,52.372012185853656,27.0,31.0,1910.0,0.0,0.0,0,1,35,0,0,0,0,0,0,0
376,Sloterweg e.o.,4.0,15.0,115593.58163945578,483849.1454557823,4.808959352380953,52.34114729489796,1537.0,1785.0,2805.0,138.0,10933.0,21,117,116,0,1,1,0,0,0,2
377,Spaarndammerbuurt Midden,11.0,0.0,120204.03168479605,489354.44315203954,4.8760399596662545,52.3909363354141,729.0,845.0,1710.0,283.0,5657.0,0,787,713,11,0,0,0,1,1,2
378,Spaarndammerbuurt Noordoost,4.0,0.0,120578.07302155689,489273.41143293417,4.881542834341317,52.39023166502994,747.0,865.0,1628.0,77.0,2771.0,161,1670,1629,2,0,1,1,1,1,4
379,Spaarndammerbuurt Noordwest,11.0,0.0,120041.06140271493,489468.75699909497,4.87363405718552,52.39195334097737,909.0,1056.0,1718.0,0.0,0.0,0,1105,1081,9,0,0,1,1,1,3
380,Spaarndammerbuurt Zuidoost,21.0,1.0,120588.22121526717,489008.14587022905,4.881719091282443,52.38784830320611,785.0,913.0,1734.0,776.0,5208.0,35,655,595,19,0,1,0,1,1,3
381,Spaarndammerbuurt Zuidwest,9.0,0.0,120328.85192477878,489151.0219690266,4.877894527106195,52.38911604181416,727.0,844.0,1764.0,153.0,2246.0,96,1123,1017,4,0,1,1,1,1,4
382,Spiegelbuurt,10.0,0.0,120958.08706585364,486431.5358914634,4.887412989109756,52.36471465413415,1090.0,1264.0,2362.0,2659.0,15221.0,55,820,597,6,1,1,0,1,1,4
383,Sporenburg,4.0,0.0,124801.70717577795,487404.2579562658,4.943754599041211,52.37368158236333,0.0,0.0,2539.0,199.0,992.0,0,90,1106,0,0,0,1,0,0,1
384,Sportpark Middenmeer Noord,0.0,5.0,125102.04897307692,484972.2794653846,4.948381055807692,52.35184097007692,33.0,38.0,1389.0,746.0,2028.0,1,9,251,0,0,0,0,0,0,0
385,Sportpark Middenmeer Zuid,3.0,11.0,124680.5928028169,484536.91577934276,4.942234596995305,52.34790509117371,869.0,1011.0,2095.0,3953.0,15052.0,6,213,188,3,0,0,0,1,1,2
386,Sportpark Voorland,0.0,3.0,125513.955,484491.7162,4.954468712,52.347544198,244.0,284.0,496.0,784.0,8350.0,0,1,0,0,0,0,0,0,0,0
387,Spuistraat Noord,21.0,0.0,121255.83632869784,487643.47166498104,4.891662639266751,52.37562505279393,912.0,1061.0,2041.0,2924.0,21120.0,1,781,533,19,0,0,0,1,1,2
388,Spuistraat Zuid,17.0,1.0,121089.59928722157,487103.57529777254,4.889275962731535,52.3707626108558,866.0,1004.0,1750.0,3934.0,32224.0,0,840,585,9,0,0,0,1,1,2
389,Staalmanbuurt,32.0,2.0,117121.02744070279,484745.79292679357,4.831270881425086,52.349313242220596,155.0,181.0,1954.0,239.0,38188.0,564,653,1870,30,0,1,1,1,1,4
390,Staatsliedenbuurt Noordoost,6.0,0.0,120269.55612242268,488649.081621134,4.877075436585052,52.38460123149485,780.0,905.0,1661.0,319.0,2263.0,179,770,713,5,0,1,0,1,1,3
391,Stationsplein e.o.,0.0,0.0,121846.07406626506,488007.73084939754,4.900294169939759,52.37893470680723,0.0,0.0,0.0,0.0,356175.0,0,0,0,0,0,0,0,0,0,0
392,Steigereiland Noord,0.0,0.0,127669.36933427762,486278.17980878183,4.985955552266289,52.363711297025496,171.0,199.0,2717.0,0.0,2276.0,0,226,676,0,0,0,0,0,0,0
393,Steigereiland Zuid,6.0,17.0,127224.27880898878,486040.0214981273,4.979440841226592,52.361548554513114,8.0,9.0,3350.0,0.0,27754.0,0,20,924,4,0,0,0,1,1,2
394,Surinamepleinbuurt,8.0,0.0,118543.26628021977,485562.0047769231,4.852055139340659,52.35674497383516,1048.0,1218.0,2105.0,137.0,1990.0,290,910,872,3,1,1,0,1,1,4
395,Swammerdambuurt,7.0,1.0,122369.23621857486,485590.3863426742,4.908211880016013,52.35724061381905,843.0,979.0,2042.0,410.0,4809.0,47,1246,1129,2,0,1,1,1,1,4
396,Teleport,19.0,2.0,117456.26040967896,488974.7942012458,4.835718458193579,52.38734323497365,0.0,0.0,369.0,301.0,13202.0,1,10,1394,18,0,0,1,1,1,3
397,Terrasdorp,3.0,3.0,121663.95272359964,491279.54775068874,4.897294718393021,52.40832832557392,741.0,860.0,2022.0,427.0,3434.0,190,2155,2035,2,0,1,1,1,1,4
398,Transvaalbuurt Oost,15.0,0.0,123432.3471213222,485354.3772869597,4.923839151413004,52.35518161579368,843.0,978.0,1849.0,123.0,1225.0,0,2724,2508,8,0,0,1,1,1,3
399,Transvaalbuurt West,9.0,2.0,123012.09760769231,485096.8030235294,4.9176951979819,52.35284240885068,807.0,937.0,1775.0,0.0,0.0,0,2181,2069,4,0,0,1,1,1,3
400,Trompbuurt,14.0,0.0,119185.07190311419,487379.83211245673,4.861282195565167,52.373124492029994,934.0,1084.0,2068.0,252.0,2152.0,0,1734,1638,5,0,0,1,1,1,3
401,Tuindorp Amstelstation,1.0,0.0,123305.67945417516,484188.7006496945,4.9220896871283095,52.34469797598778,922.0,1069.0,1681.0,24.0,292.0,2,485,473,0,0,0,0,0,0,0
402,Tuindorp Frankendael,0.0,1.0,124149.83340943395,484455.6039207547,4.934452819761007,52.34714475791195,836.0,970.0,1728.0,98.0,1814.0,40,1567,1527,0,0,1,1,0,0,2
403,Tuindorp Nieuwendam Oost,1.0,1.0,125025.42262537764,489264.5814048338,4.946873626163142,52.390413193451664,1028.0,1193.0,1925.0,82.0,641.0,7,1316,1156,0,1,0,1,0,0,2
404,Tuindorp Nieuwendam West,0.0,0.0,124549.8087431694,489562.4298724955,4.9398600243898,52.39306387950819,984.0,1143.0,2188.0,0.0,226.0,7,549,501,0,0,0,0,0,0,0
405,Tuindorp Oostzaan Oost,9.0,2.0,121017.02011926605,491803.27520231775,4.887734559787542,52.41299544587156,1047.0,1215.0,2288.0,64.0,325.0,7,2066,1864,7,1,0,1,1,1,4
406,Tuindorp Oostzaan West,13.0,0.0,120435.85257142856,492267.07371578953,4.879145336240602,52.41712742815037,810.0,940.0,2269.0,14.0,208.0,586,665,542,13,0,1,0,1,1,3
407,Twiske Oost,0.0,0.0,121985.57553033708,492745.58918876405,4.901876811955057,52.421523425483144,856.0,994.0,2767.0,0.0,99.0,0,440,415,0,0,0,0,0,0,0
408,Twiske West,8.0,0.0,121510.73863108808,492749.48238963727,4.894896312922279,52.42152961627979,1176.0,1366.0,2990.0,0.0,0.0,160,957,917,7,1,1,0,1,1,4
409,Uilenburg,32.0,0.0,122205.58132166302,487053.65865754924,4.905666952417943,52.37038176238512,641.0,746.0,1876.0,2165.0,20506.0,73,900,784,25,0,1,0,1,1,3
410,Utrechtsebuurt Zuid,39.0,1.0,121781.96770223576,486078.32461077237,4.899543397754065,52.36159066947154,995.0,1157.0,2164.0,670.0,6242.0,48,984,811,30,1,1,0,1,1,4
411,VU-kwartier,4.0,2.0,119369.16595702006,483247.7225759312,4.864423126676218,52.33599996684814,179.0,208.0,455.0,0.0,318294.0,29,45,246,4,0,1,0,1,1,3
412,Valeriusbuurt Oost,4.0,0.0,119546.06040422885,485157.03911442787,4.866817268619403,52.35317105624378,1362.0,1580.0,3100.0,1096.0,9946.0,0,776,675,0,1,0,0,0,0,1
413,Valeriusbuurt West,10.0,1.0,119130.38063946587,484973.5515934718,4.860735800445104,52.351495012744806,1242.0,1442.0,2641.0,198.0,3161.0,0,1348,1263,6,1,0,1,1,1,4
414,Valkenburg,10.0,0.0,122340.85597077243,486892.8711555323,4.90766882045929,52.36894477812109,509.0,590.0,1877.0,235.0,2780.0,280,541,734,8,0,1,0,1,1,3
415,Van Brakelkwartier,8.0,0.0,118998.5758080808,486660.8907070707,4.858620718020202,52.366650991838384,821.0,953.0,1983.0,32.0,125.0,0,495,469,5,0,0,0,1,1,2
416,Van Loonbuurt,18.0,0.0,121336.05681585903,486283.8477788546,4.892976805506608,52.36341061690749,1217.0,1413.0,2423.0,1990.0,14749.0,41,1129,854,13,1,1,0,1,1,4
417,Van Tuyllbuurt,5.0,1.0,119251.72784046052,484198.5669494244,4.862599113893914,52.3445378891653,983.0,1141.0,2048.0,97.0,2109.0,0,2426,2317,0,0,0,1,0,0,1
418,Van der Helstpleinbuurt,50.0,2.0,121750.55707937102,485106.34207038564,4.899178362635717,52.35285323860726,764.0,887.0,1817.0,454.0,2637.0,7,2659,2511,39,0,0,1,1,1,3
419,Van der Kunbuurt,0.0,3.0,122828.08374740485,484438.8046712803,4.915057277889273,52.346918008269895,863.0,1003.0,1698.0,0.0,0.0,5,289,272,0,0,0,0,0,0,0
420,Van der Pekbuurt,8.0,2.0,122547.38975454208,489149.57931998523,4.910483305498703,52.38923871068965,823.0,955.0,1768.0,236.0,3796.0,21,2626,2390,4,0,1,1,1,1,4
421,Veluwebuurt,2.0,0.0,121711.30939405561,483639.64991658676,4.898747369894535,52.339669192607865,774.0,899.0,2388.0,6.0,393.0,465,1000,929,0,0,1,0,0,0,1
422,Venserpolder Oost,1.0,1.0,124986.79693496863,481956.3611494581,4.946958329503708,52.324729380792924,824.0,955.0,1947.0,0.0,2578.0,0,1753,1739,0,0,0,1,0,0,1
423,Venserpolder West,1.0,1.0,124811.76101155867,481374.7846371278,4.944442938364273,52.319492917870406,771.0,895.0,1838.0,28.0,321.0,0,2559,2800,0,0,0,1,0,0,1
424,Vervoerscentrum,42.0,0.0,117884.99556701031,490376.7543917526,4.841860951237113,52.39997210247422,0.0,0.0,0.0,14622.0,454164.0,6,93,0,39,1,0,0,1,1,3
425,Vivaldi,1.0,3.0,120621.80780583335,483233.8615858333,4.882802691508333,52.3359551589,3.0,3.0,1151.0,237.0,383325.0,29,101,1082,0,0,1,1,0,0,2
426,Vliegenbos,100.0,0.0,124294.706528,489262.10652,4.936139873039999,52.39035055144,804.0,930.0,3021.0,1070.0,2265.0,25,125,82,100,0,1,0,1,1,3
427,Vogelbuurt Noord,15.0,1.0,123537.17303468207,489073.09707803465,4.925029629075144,52.388608977008666,1032.0,1197.0,1807.0,37.0,711.0,1,683,627,13,1,0,0,1,1,3
428,Vogelbuurt Zuid,8.0,0.0,123023.09257862232,488784.8143695962,4.917505827686461,52.385988369453685,967.0,1122.0,1931.0,129.0,2218.0,1,2086,1916,4,0,0,1,1,1,3
429,Vogeltjeswei,0.0,0.0,125890.33000790513,481087.0800909091,4.960286441422925,52.316965340237154,0.0,0.0,3255.0,0.0,268.0,0,0,246,0,0,0,0,0,0,0
430,Vondelpark Oost,0.0,0.0,119925.6956,485826.1018,4.872319628,52.35920839400001,0.0,0.0,0.0,7270.0,39120.0,0,5,0,0,0,0,0,0,0,0
431,Vondelpark West,0.0,0.0,118845.302,485357.309,4.85651054,52.35492528,0.0,0.0,0.0,0.0,0.0,0,0,0,0,0,0,0,0,0,0
432,Vondelparkbuurt Midden,6.0,2.0,119772.35694291338,486016.9005059055,4.870048659251969,52.36091341769685,1194.0,1387.0,2544.0,2026.0,20417.0,0,504,458,0,1,0,0,0,0,1
433,Vondelparkbuurt Oost,4.0,1.0,120264.49841911765,486156.60913970583,4.877258754808824,52.36220037319118,1222.0,1418.0,2729.0,11704.0,28396.0,6,676,515,3,1,0,0,1,1,3
434,Vondelparkbuurt West,11.0,2.0,119071.08348082595,485721.71867772855,4.859785641681416,52.35821511772862,931.0,1081.0,2167.0,733.0,5945.0,62,1356,1242,7,0,1,1,1,1,4
435,WG-terrein,184.0,2.0,119845.71532219365,486276.45094772923,4.871098393127678,52.36325078471294,644.0,747.0,1500.0,718.0,3628.0,49,1800,1673,182,0,1,1,1,1,4
436,Walvisbuurt,0.0,5.0,120987.49156272401,492864.8121756273,4.887192879390682,52.42253388405018,1056.0,1227.0,3099.0,0.0,0.0,3,552,536,0,1,0,0,0,0,1
437,Waterloopleinbuurt,12.0,2.0,122011.18307594936,486739.29875668074,4.902843432855134,52.36754487151898,851.0,988.0,1895.0,1697.0,8961.0,100,674,526,10,0,1,0,1,1,3
438,Weesperbuurt,25.0,0.0,122268.96053339649,486349.2023349123,4.906666132652771,52.36405436279015,882.0,1025.0,1949.0,1075.0,6922.0,142,2082,1832,13,0,1,1,1,1,4
439,Weespertrekvaart,111.0,4.0,123517.72995946942,483544.36994399416,4.925261598452469,52.338919286882835,490.0,568.0,1415.0,2266.0,32195.0,39,1142,1181,111,0,1,1,1,1,4
440,Weesperzijde Midden/Zuid,38.0,3.0,122588.70899296128,485100.3195067873,4.91148060214178,52.35284919852187,825.0,958.0,2030.0,401.0,6192.0,202,1982,1829,29,0,1,1,1,1,4
441,Werengouw Midden,17.0,1.0,125349.27964307931,489655.83952566097,4.951596461038102,52.39394712734837,671.0,779.0,2121.0,0.0,7203.0,2034,2326,2372,0,0,1,1,0,0,2
442,Werengouw Zuid,3.0,0.0,125688.76406035665,489223.9766803841,4.95662151473251,52.390084105006856,1286.0,1494.0,2664.0,53.0,438.0,638,729,587,0,1,1,0,0,0,2
443,Westelijke eilanden,131.0,0.0,120999.1780878412,488797.58600595535,4.887776858590571,52.385981550496275,837.0,971.0,1912.0,610.0,3782.0,128,1922,1697,121,0,1,1,1,1,4
444,Westerdokseiland,11.0,0.0,121317.87220718463,488691.13865329995,4.892468569816207,52.38504453444445,786.0,911.0,2503.0,560.0,36766.0,6,1077,981,9,0,0,0,1,1,2
445,Westergasfabriek,30.0,0.0,119981.11490789472,488826.9190394737,4.872820361052631,52.38618113263158,87.0,101.0,191.0,7633.0,109769.0,0,31,0,30,0,0,0,1,1,2
446,Westerstaatsman,19.0,0.0,119836.02556083244,488443.5592331911,4.870729404919957,52.38272655107791,745.0,865.0,1576.0,78.0,555.0,0,1874,1808,6,0,0,1,1,1,3
447,Westhaven Noord,150.0,0.0,116728.40165876778,491438.9187867298,4.8247462146445494,52.40943823815166,73.0,85.0,149.0,1937.0,204102.0,16,144,0,145,0,1,0,1,1,3
448,Westhaven Zuid,40.0,0.0,116528.16267,489684.93629,4.8220046669,52.3936610723,0.0,0.0,0.0,38416.0,206837.0,43,92,0,40,1,1,0,1,1,4
449,Westlandgrachtbuurt,5.0,0.0,118289.45495207074,485228.9560600279,4.848365952703583,52.353734872000935,827.0,960.0,1958.0,83.0,734.0,3,2148,2079,0,0,0,1,0,0,1
450,Weteringbuurt,67.0,2.0,121253.8375132218,486022.95978305454,4.891795919303832,52.361060886875336,995.0,1155.0,2046.0,579.0,2757.0,83,1842,1552,52,1,1,1,1,1,5
451,Wielingenbuurt,0.0,1.0,121035.56639368006,484370.3919960501,4.888758575345622,52.34619529610928,1142.0,1326.0,2423.0,151.0,2256.0,7,1519,1466,0,1,0,1,0,0,2
452,Wildeman,5.0,1.0,115053.43792489712,486258.9723288752,4.8007475392524,52.36276607860768,757.0,879.0,1581.0,119.0,1340.0,2568,2681,2621,0,0,1,1,0,0,2
453,Willemsparkbuurt Noord,2.0,0.0,119069.23057900318,485207.2693753977,4.859813389088017,52.353591476924706,1441.0,1674.0,3114.0,1390.0,8933.0,16,943,687,0,1,1,0,0,0,2
454,Willibrordusbuurt,45.0,0.0,122087.1969209587,485241.9781417644,4.904106016736359,52.354092527781745,761.0,883.0,1711.0,568.0,4895.0,57,1960,1818,37,0,1,1,1,1,4
455,Wittenburg,28.0,2.0,123313.15919799138,487177.4779777618,4.921917936420373,52.37155958083931,756.0,876.0,1793.0,323.0,1634.0,39,1392,1312,22,0,1,1,1,1,4
456,Woon- en Groengebied Sloterdijk,6.0,0.0,118531.7841300813,488789.0401595529,4.85153646620935,52.385746355721544,339.0,394.0,509.0,0.0,409.0,100,234,940,4,0,1,0,1,1,3
457,Zaagpoortbuurt,1.0,1.0,120296.18747319035,487705.5788847185,4.877564056072385,52.37612341595174,570.0,661.0,1458.0,0.0,12.0,5,746,729,0,0,0,0,0,0,0
458,Zamenhofstraat e.o.,97.0,0.0,123866.02115841584,488764.8941287128,4.929888718514851,52.38585783,158.0,183.0,348.0,4616.0,31342.0,1,101,0,97,0,0,0,1,1,2
459,Zeeburgerdijk Oost,6.0,1.0,125200.73872897196,486569.0665841121,4.949688052289719,52.36619723065421,729.0,844.0,2378.0,0.0,164.0,0,212,197,5,0,0,0,1,1,2
460,Zeeburgereiland Noordoost,5.0,1.0,126927.46299999999,487019.8652222223,4.975001714444444,52.37033968666666,0.0,0.0,230.0,0.0,44006.0,0,0,0,5,0,0,0,1,1,2
461,Zeeburgereiland Noordwest,3.0,0.0,125720.99291666667,487831.35150000005,4.9572163575,52.377569835,973.0,1127.0,2520.0,0.0,15737.0,0,8,0,2,0,0,0,1,1,2
462,Zeeburgereiland Zuidoost,2.0,0.0,126268.22944319775,486958.84338429174,4.965327357012623,52.36975719886396,354.0,411.0,886.0,0.0,33126.0,1,451,704,2,0,0,0,1,1,2
463,Zeeburgereiland Zuidwest,30.0,0.0,125916.64281954887,487093.3000300752,4.96015341,52.37094710255639,556.0,647.0,1487.0,0.0,12906.0,0,86,83,30,0,0,0,1,1,2
464,Zeeheldenbuurt,15.0,1.0,121001.29255227657,489158.7976424957,4.887771362698145,52.38922798424958,749.0,870.0,1603.0,1080.0,2954.0,169,1104,991,11,0,1,0,1,1,3
465,Zorgvlied,0.0,0.0,121950.6518888889,483077.5588888889,4.902314393888889,52.33463192333333,3013.0,3496.0,4742.0,19491.0,31360.0,3,18,14,0,1,0,0,0,0,1
466,Zuidas Noord,3.0,4.0,119808.6353070707,483745.7985191919,4.8708186558383835,52.34050457315152,3.0,4.0,457.0,9621.0,35348.0,108,193,176,2,1,1,0,1,1,4
467,Zuidas Zuid,4.0,1.0,119923.43415257629,483287.91089794895,4.872550860755378,52.33639681472736,3.0,3.0,2695.0,0.0,45204.0,0,577,1576,2,0,0,1,1,1,3
468,Zuiderhof,19.0,0.0,118797.47176086958,483104.1893913044,4.85605082673913,52.33467266847826,0.0,0.0,0.0,1561.0,12847.0,4,5,0,19,0,0,0,1,1,2
469,Zuiderkerkbuurt,38.0,0.0,121745.97249131121,486963.08183649293,4.898927485884676,52.369540087496055,958.0,1112.0,1900.0,949.0,5756.0,70,1250,1013,24,0,1,1,1,1,4
470,Zuidoostkwadrant Indische buurt,2.0,1.0,124738.4525490949,485946.8548979704,4.94295690993966,52.36057992929786,760.0,882.0,1860.0,41.0,892.0,30,1815,1696,0,0,1,1,0,0,2
471,Zuidwestkwadrant Indische buurt,14.0,1.0,124347.54547458456,485860.2480381231,4.937226333264907,52.35977988251222,782.0,906.0,1857.0,554.0,2534.0,0,2028,1819,10,0,0,1,1,1,3
472,Zuidwestkwadrant Osdorp Noord,9.0,0.0,114680.70851461988,485444.26791739766,4.795373450796784,52.35541694301901,710.0,823.0,2256.0,129.0,5753.0,347,1363,1295,9,0,1,1,1,1,4
473,Zuidwestkwadrant Osdorp Zuid,6.0,0.0,114829.99013041839,484998.73452318134,4.797617774832265,52.351423769721066,692.0,803.0,2432.0,444.0,5691.0,313,2576,2549,5,0,1,1,1,1,4
474,Zunderdorp,9.0,2.0,126429.34613852814,491425.69449783553,4.967313268571428,52.40991046606061,1461.0,1696.0,3432.0,0.0,7911.0,58,225,182,7,1,1,0,1,1,4
475,Zwarte Gouw,0.0,0.0,127337.10600000001,488663.4132941176,4.980881317941176,52.38513167382353,819.0,951.0,1958.0,0.0,34936.0,16,32,32,0,0,1,0,0,0,1
476,de Plantage,15.0,1.0,122698.90454971502,486568.5495066498,4.912956972685244,52.366051154103864,983.0,1142.0,2138.0,3238.0,22582.0,12,1567,1415,7,0,1,1,1,1,4
